DROP TABLE IF EXISTS usuario CASCADE ;
DROP TABLE IF EXISTS administrador CASCADE ;
DROP TABLE IF EXISTS cliente CASCADE ;
DROP TABLE IF EXISTS producto CASCADE ;
DROP TABLE IF EXISTS lineaVenta CASCADE ;
DROP TABLE IF EXISTS venta CASCADE ;
DROP TABLE IF EXISTS encuentro CASCADE ;
DROP TABLE IF EXISTS especie CASCADE ;
DROP TABLE IF EXISTS genero CASCADE ;
DROP TABLE IF EXISTS familia CASCADE ;
DROP TABLE IF EXISTS orden CASCADE ;
DROP TABLE IF EXISTS clase CASCADE ;
DROP TABLE IF EXISTS filo CASCADE ;
DROP TABLE IF EXISTS reino CASCADE ;

CREATE TABLE usuario(
	id_usuario 			serial,
	nombre				varchar(50) NOT NULL,
	apellidos 			varchar(50) NOT NULL,
	correo				varchar(256) NOT NULL,
	username 			varchar(16) UNIQUE,
	passwd 				varchar(16) NOT NULL,
	fechaNac			date NOT NULL,
	CONSTRAINT pk_usuario PRIMARY KEY (id_usuario),
	CONSTRAINT mail CHECK (correo ILIKE '%@%' ),
	CONSTRAINT st_passwd CHECK (passwd ~ '^(?=.*[A-Z])(?=.*[a-z])(?=.*[0-9])(?=.*[!@#$%^&*()_+])')
);

CREATE TABLE cliente(
	id_usuario 			serial,
	CONSTRAINT pk_cliente PRIMARY KEY (id_usuario)
)INHERITS (usuario);

CREATE TABLE administrador(
	id_usuario 			serial,
	dni 				varchar(9) NOT NULL,
	CONSTRAINT pk_administrador PRIMARY KEY (id_usuario),
	CONSTRAINT dni_ck CHECK (dni ~ '^[0-9]{8}[A-Z]$')
)INHERITS (usuario);

CREATE TABLE reino(
	nombre 				varchar(50),
	descripcion 		TEXT NOT NULL,
	CONSTRAINT pk_reino PRIMARY KEY (nombre)
);

CREATE TABLE filo(
	nombre 				varchar(50),
	descripcion 		TEXT NOT NULL,
	reino 				varchar(50),
	CONSTRAINT pk_filo PRIMARY KEY (nombre)
);

CREATE TABLE clase(
	nombre 				varchar(50),
	descripcion 		TEXT NOT NULL,
	filo 				varchar(50),
	CONSTRAINT pk_clase PRIMARY KEY (nombre)
);

CREATE TABLE orden(
	nombre 				varchar(50),
	descripcion 		TEXT NOT NULL,
	clase 				varchar(50),
	CONSTRAINT pk_orden PRIMARY KEY (nombre)
);

CREATE TABLE familia(
	nombre 				varchar(50),
	descripcion 		TEXT NOT NULL,
	orden 				varchar(50),
	CONSTRAINT pk_familia PRIMARY KEY (nombre)
);

CREATE TABLE genero(
	nombre 				varchar(50),
	descripcion 		TEXT NOT NULL,
	familia 				varchar(50),
	CONSTRAINT pk_genero PRIMARY KEY (nombre)
);

CREATE TABLE especie(
	nombre 				varchar(50),
	descripcion 		TEXT NOT NULL,
	genero 				varchar(50),
	CONSTRAINT pk_especie PRIMARY KEY (nombre)
);

CREATE TABLE encuentro (
	usuario 			int,
	especie 			varchar(50),
	fechaEncuentro 		date NOT NULL,
	hora 				time,
	descripcion 		TEXT NOT NULL,
	foto 				varchar NOT NULL,
	zona 				varchar (50) NOT NULL,
	tamaño 				NUMERIC, 
	peso 				NUMERIC,
	sexo				char,
	CONSTRAINT pk_encuentro PRIMARY KEY (usuario,especie),
	CONSTRAINT sex_check CHECK (sexo ILIKE 'M' OR sexo ILIKE 'F')
);

CREATE TABLE producto (
	id_producto 		serial,
	nombre				varchar (50) NOT NULL,
	precioU 			NUMERIC NOT NULL,
	descripcion 		TEXT NOT NULL,
	valoracion 			NUMERIC NOT NULL,
	categoria 			varchar(50),
	CONSTRAINT 	pk_producto PRIMARY KEY (id_producto),
	CONSTRAINT valoracion_check CHECK (valoracion BETWEEN 1 AND 5)
);

CREATE TABLE lineaVenta(
	linea_cod			serial,
	cod_venta 			int,
	id_producto			int,
	uds 				SMALLINT NOT NULL,
	precioTotal			NUMERIC NOT NULL,
	CONSTRAINT pk_lineaVenta PRIMARY KEY (linea_cod,cod_venta)
);

CREATE TABLE venta(
	id_venta 			serial,
	cliente 			int,
	fecha				date NOT NULL,
	total 				NUMERIC NOT NULL,
	CONSTRAINT pk_venta PRIMARY KEY (id_venta)
);

ALTER TABLE lineaventa 
ADD CONSTRAINT fk_cod_venta FOREIGN KEY (cod_venta) REFERENCES venta,
ADD CONSTRAINT fk_id_producto FOREIGN KEY (id_producto) REFERENCES producto;

ALTER TABLE venta
ADD CONSTRAINT fk_cliente FOREIGN KEY (cliente) REFERENCES cliente;

ALTER TABLE encuentro 
ADD CONSTRAINT fk_usuario FOREIGN KEY (usuario) REFERENCES cliente,
ADD CONSTRAINT fk_especie FOREIGN KEY (especie) REFERENCES especie;

ALTER TABLE especie 
ADD CONSTRAINT fk_genero FOREIGN KEY (genero) REFERENCES genero;
ALTER TABLE genero  
ADD CONSTRAINT fk_familia FOREIGN KEY (familia) REFERENCES familia;
ALTER TABLE familia 
ADD CONSTRAINT fk_orden FOREIGN KEY (orden) REFERENCES orden;
ALTER TABLE orden  
ADD CONSTRAINT fk_clase FOREIGN KEY (clase) REFERENCES clase;
ALTER TABLE clase 
ADD CONSTRAINT fk_filo FOREIGN KEY (filo) REFERENCES filo;
ALTER TABLE filo  
ADD CONSTRAINT fk_reino FOREIGN KEY (reino) REFERENCES reino;



INSERT INTO reino VALUES 
('animalia','Los animales son seres pluricelulares y eucariotas de alimentación heterótrofa, respiración aeróbica, reproducción sexual y capacidad de desplazamiento.');

INSERT INTO filo VALUES
('arthropoda','Los artrópodos constituyen uno de los grandes filos del reino animal, subdividido en diversas clases, algunas de las cuales cuentan con gran número de géneros y especies. Se los denomina de esta manera por estar provistos de patas articuladas.','animalia'),
('chordata','Chordata es un filo en el reino animal que incluye a los vertebrados, junto con algunos animales invertebrados como las tunicas y los anfioxos. Los animales de este filo poseen una cuerda dorsal o notocorda, que se extiende a lo largo del cuerpo y les da soporte. También tienen una estructura de tubo nervioso, un órgano sensorial principal (como los ojos y los oídos) y branquias o pulmones para la respiración. Además, los chordata poseen el tubo digestivo completo, lo que significa que tienen una boca y un ano. Los vertebrados, la clase más conocida de chordata, también tienen una columna vertebral que protege la médula espinal y algunos otros rasgos distintivos, como la presencia de dientes y el desarrollo de extremidades.','animalia');

INSERT INTO clase VALUES 
('arachnida','Arachnida es una clase de animales invertebrados que se caracterizan por tener ocho patas. Son inclusivos spiders, scorpions, ticks, y más. Generalmente, tienen un cuerpo segmentado y una cabeza que se fusiona con el tórax. La mayoría de los miembros de la clase respiran a través de pulmones en lugar de branquias. También poseen quelíceros (apéndices en forma de pinzas) que utilizan para aplastar y desgarrar la comida, así como un par de pedipalpos que les ayudan a manipular la presa. Muchas especies de arañas y escorpiones son venenosas, utilizando sus quelíceros o su cola, respectivamente para inyectar veneno en sus presas o depredadores.','arthropoda'),
('insecta','Insecta es una clase de animales que engloba a los insectos, arañas, ciempiés y otros artrópodos. Estos animales se caracterizan por tener un cuerpo segmentado, seis patas, antenas y en muchos casos, alas. Los insectos son la mayoría de las especies de la clase Insecta, y son cruciales para el equilibrio ecológico. Son importantes polinizadores y decomponedores, además de ser una fuente de alimento para muchos otros animales. Las arañas y ciempiés, aunque no son insectos, también cumplen importantes roles en los ecosistemas como controladores de poblaciones de otros artrópodos.','arthropoda'),
('chilopoda','Los quilópodos, también conocidos como ciempiés, son un grupo de animales pertenecientes a la clase Chilopoda. Estos invertebrados tienen un cuerpo largo y segmentado con muchas patas. Su cabeza tiene un par de antenas largas y a menudo tienen garras venenosas que utilizan para capturar presas y defenderse de los depredadores. Los quilópodos se encuentran en todo el mundo y habitan en una amplia variedad de hábitats, incluyendo bosques, desiertos y riberas de ríos. Son depredadores activos, alimentándose de otros insectos y pequeños animales. Algunas especies de quilópodos son consideradas como plagas, mientras que otros son valorados por su papel en el control de poblaciones de otros organismos dañinos.','arthropoda'),
('malacostraca','Los malacostráceos son un subclase de crustáceos, que se caracterizan por tener un cuerpo segmentado, protegido por un exoesqueleto, que les permite protegerse y moverse con agilidad. Entre los malacostráceos se encuentran importantes grupos como los cangrejos, langostas, camarones y kril. Estos animales pueden vivir en diferentes ambientes acuáticos, desde aguas saladas hasta dulces, y desempeñan roles importantes en la cadena alimentaria de los ecosistemas acuáticos. Algunas especies de malacostráceos son explotadas comercialmente por su carne y otras propiedades, mientras que otras tienen importancia en la investigación científica por su capacidad de regeneración y adaptación a condiciones extremas.','arthropoda'),
('amphibia','"Amphibia" es una serie animada estadounidense creada por Matt Braly, que sigue las aventuras de una chica adolescente llamada Anne Boonchuy, quien es transportada a un mundo de animales antropomórficos y criaturas mágicas después de encontrar un extraño amuleto en un pantano. Allí, Anne se hace amiga de un sapo llamado Sprig Plantar y su familia, quienes la ayudan a adaptarse a su nueva vida en Amphibia mientras buscan una forma de enviarla de vuelta a casa. La serie combina humor, aventura, magia y misterio en un mundo colorido y fantástico que, además de entretener a los espectadores, también aborda temas como la amistad, la familia y la aceptación de la diversidad.','chordata'),
('reptilia','Reptilia es una clase de animales vertebrados que poseen características únicas, como la piel escamosa y seca, respiración pulmonar y la capacidad de regular su temperatura corporal. Son ovíparos y existen alrededor de 10,000 especies en todo el mundo, desde pequeñas lagartijas hasta grandes cocodrilos. Los reptiles se dividen en cuatro órdenes: Squamata (serpientes y lagartos), Testudines (tortugas y tortugas terrestres), Crocodylia (cocodrilos, caimanes y gaviales) y Rhynchocephalia (tuatara). Estos animales pueden encontrarse en numerosos hábitats, desde bosques y praderas hasta desiertos y océanos.','chordata');

INSERT INTO orden VALUES
('araneae','Aranae es un término que se utiliza para referirse al orden de arácnidos, que incluye a las arañas, escorpiones y ácaros, entre otros. Las arañas son animales que tienen ocho patas y dos quelíceros, los cuales utilizan para inyectar veneno en sus presas. También tienen una gran variedad de adaptaciones para cazar, como producir telarañas para atrapar insectos y otros animales. Además, las arañas son depredadores importantes en muchos ecosistemas, ya que se alimentan de plagas y ayudan a controlar sus poblaciones. En resumen, Aranae es un grupo de artrópodos que incluye a las arañas, importantes depredadores en muchos ecosistemas y con una gran variedad de adaptaciones para cazar.','arachnida'),
('scorpiones','Scorpiones es un orden de artrópodos arácnidos depredadores conocidos comúnmente como escorpiones o alacranes. Se caracterizan por contar con un par de pinzas de agarre y una cola estrecha y segmentada, a menudo formando una reconocible curva hacia delante sobre la espalda y siempre rematada con un aguijón.','arachnida'),
('pseudoscorpiones','Los pseudoscorpiones son arácnidos pequeños que pueden medir desde 1 hasta 10 milímetros de longitud. Su cuerpo es aplanado dorsoventralmente y tienen dos quelíceros en forma de pinzas que les permiten cazar presas. Su nombre se debe a que parecen escorpiones en miniatura, pero a diferencia de estos, los pseudoscorpiones no tienen cola ni aguijón venenoso. Por tanto, no representan ningún peligro para los humanos. Suelen habitar en ambientes húmedos como suelos forestales, musgos y hojarasca. Se alimentan de pequeños invertebrados como ácaros, insectos y otros arácnidos. A pesar de su pequeño tamaño, cumplen un papel importante en el equilibrio ecológico de muchos ecosistemas.','arachnida'),
('opiliones','Los opiliones, también conocidos como arañas-cosecha o patas largas, son una orden de arácnidos que se caracterizan por tener un cuerpo alargado y unas patas extremadamente largas. A diferencia de las arañas, los opiliones no tienen glándulas venenosas y no son capaces de producir seda. Aunque algunos opiliones tienen un aspecto similar a las arañas, se pueden diferenciar fácilmente por su cuerpo y sus patas, que no están segmentadas como las de las arañas. Además, los opiliones no son capaces de producir telarañas. Los opiliones son prédateurs y se alimentan de insectos, arañas y otros pequeños invertebrados.','arachnida'),
('mecoptera','Los mecoptera, también conocidos como "moscas escorpión", son un orden de insectos que se encuentran en todo el mundo, aunque son más comunes en climas cálidos. Tienen un cuerpo largo y delgado con una cabeza pequeña y antenas largas y delgadas. Sus alas son membranosas y se pliegan en un patrón de techo sobre su espalda. Algunas especies tienen una apariencia notablemente similar a la de los escorpiones, con una estructura de apariencia dura y un aguijón en la cola. Sin embargo, a diferencia de los escorpiones, los mecoptera no son venenosos y no tienen la capacidad de lastimar a los seres humanos.','insecta'),
('lepidoptera','Los lepidópteros son un grupo diverso de insectos que se caracterizan por poseer alas membranosas cubiertas de escamas, dando la apariencia de polvo o brillo. Esto incluye a las mariposas diurnas y nocturnas, así como a las polillas. La mayoría de los lepidópteros tienen una fase larval y pupal antes de convertirse en un adulto alado, y utilizan una gran variedad de plantas para su alimentación y desarrollo. También son importantes polinizadores y fuente de alimento para otros animales. La belleza y variabilidad de sus alas las hace un objeto de estudio y admiración por parte de científicos y entusiastas por igual.','insecta'),
('coleoptera','Coleoptera es el orden de insectos más grande del mundo, con alrededor de 400,000 especies descritas. Comúnmente conocidos como escarabajos, los coleópteros son algunos de los insectos más familiares y diversos. Se encuentran en una amplia gama de hábitats, desde desiertos hasta bosques lluviosos y desde la tundra ártica hasta las selvas tropicales. Los escarabajos varían en tamaño desde menos de un milímetro hasta varios centímetros de largo y tienen una gran variedad de formas y colores. La mayoría de las especies de coleópteros se alimentan de plantas, mientras que otras se alimentan de materia muerta o de otros insectos. Algunas especies de escarabajos son consideradas plagas, aunque muchas son beneficiosas para el medio ambiente y la salud humana.','insecta'),
('dermaptera','Los Dermaptera, comúnmente conocidos como tijeretas o cortapicos, son un orden de insectos que se caracterizan por sus pinzas en la parte posterior del abdomen. La mayoría de las especies son carnívoras y se alimentan de otros insectos y arañas, aunque algunas también se alimentan de materia vegetal en descomposición. Estos insectos tienen un cuerpo aplanado y alargado, con antenas largas y delgadas. Las alas de algunos especímenes son reducidas o están ausentes y suelen ser activos durante la noche. Las tijeretas tienen una gran diversidad de tamaños, desde 3 mm hasta cerca de 10 cm. Aunque algunas especies se consideran plagas en las cosechas, los Dermaptera no son dañinos para los seres humanos y no transmiten enfermedades.','insecta'),
('orthoptera','Orthoptera es un orden de insectos caracterizado por sus patas traseras adaptadas para saltar y por la presencia de dos pares de alas, siendo las delanteras más duras que las posteriores. También se destacan por sus antenas, que son largas y filiformes. Dentro de este orden se pueden encontrar diversas especies como los grillos, langostas, saltamontes y chicharras, entre otros. Estos insectos son importante en la cadena alimentaria ya que son una fuente de alimento para otras especies de animales, como aves y reptiles. Además, los grillos son utilizados en algunos países como mascotas o para fines culinarios, ya que son ricos en proteínas. De manera general, los Orthoptera tienen una amplia distribución geográfica y son comunes en todo el mundo.','insecta'),
('hemiptera','Los Hemipteros son un orden de insectos que se caracterizan por tener un par de alas duras y membranosas. También se les conoce como chinches o heterópteros. Las chinches tienen un pico largo y delgado, que utilizan para succionar líquidos de plantas y animales. A pesar de que la mayoría de las chinches son consideradas como plagas, algunas son benéficas para el ser humano, ya que se alimentan de pulgones u otras especies dañinas. Los Hemipteros son muy abundantes y es posible encontrarlos en una gran variedad de hábitats: desde zonas acuáticas hasta zonas terrestres, desde los trópicos hasta los polos. Además, su gran adaptabilidad les permite sobrevivir en ambientes extremos como el desierto o la tundra.','insecta'),
('scolopendromorpha','Scolopendromorpha es un orden de artrópodos que incluye a los ciempiés gigantes. Se caracterizan por tener un cuerpo largo y segmentado, con numerosas patas y mandíbulas fuertes. Aunque pueden ser de gran tamaño, algunos superan los 30 centímetros, son animales solitarios y nocturnos que prefieren la oscuridad de las madrigueras o cuevas. Son depredadores activos, alimentándose de otros artrópodos e invertebrados pequeños. Algunas especies pueden ser venenosas y resultar peligrosas para el ser humano si se las molesta o se les provoca.','chilopoda'),
('lithobiomorpha','Lithobiomorpha es un grupo de miriápodos que se caracterizan por tener un cuerpo alargado y segmentado, con numerosas patas y una mandíbula prominente. Son predadores activos y pueden ser encontrados en una variedad de hábitats, desde el suelo de los bosques hasta las zonas rocosas de las costas. Los Lithobiomorpha se distinguen de otros miriápodos por tener una columna vertebral más rígida y por ser más ágiles y veloces en sus movimientos. Algunas especies de Lithobiomorpha son capaces de producir veneno para defenderse de posibles depredadores. A pesar de que son generalmente considerados inofensivos para los humanos, pueden morder y causar picaduras dolorosas.','chilopoda'),
('decapoda','Los decápodos son un orden de crustáceos con diez patas, que incluye a los cangrejos, langostas, camarones y langostinos. Son animales acuáticos y se encuentran en mares, ríos y agua dulce. Se caracterizan por tener un cuerpo dividido en dos regiones principales: la cabeza, que contiene los ojos, antenas y mandíbulas, y el cefalotórax, que fusiona el tórax y la cabeza y contiene los apéndices locomotores y branquias. Los machos suelen tener las patas más grandes, especialmente las dos primeras, que utilizan para luchar por las hembras.','malacostraca'),
('anura','Los anuros son un orden de anfibios caracterizados por carecer de cola en su estado adulto. Incluyen a las ranas y a los sapos, que se diferencian principalmente por su piel y hábitos de vida. Los anuros tienen una piel desnuda y húmeda, que les permite respirar a través de ella. Son semiacuáticos y se reproducen poniendo sus huevos en el agua. Tienen una dieta variada, que incluye insectos, lombrices, moluscos y pequeños vertebrados. Son importantes en la alimentación de otros animales y en el control de plagas. Los anuros son una parte importante de la biodiversidad del planeta, pero muchas especies están en peligro debido a la destrucción de su hábitat y otros factores antropogénicos.','amphibia'),
('urodelos','Los urodelos son un grupo de anfibios que incluyen las salamandras, tritones y ajolotes. Estos animales tienen cuerpos alargados y delgados, con cuatro patas y una cola bien desarrollada. Se caracterizan por su capacidad para regenerar extremidades perdidas o dañadas, así como por su piel húmeda y respiración branquial en algunas fases de su ciclo de vida. Los urodelos son animales nocturnos y acuáticos en su mayoría, aunque algunas especies pueden vivir en ambientes terrestres y húmedos. En cuanto a su alimentación, suelen ser carnívoros y se alimentan principalmente de insectos, crustáceos y otros pequeños seres acuáticos.','amphibia'),
('testudines','Las Testudines son un grupo de reptiles que también son conocidos como tortugas. Las tortugas tienen características especiales que las diferencian de otros reptiles, como su caparazón, que les proporciona protección y se compone de dos partes, la superior y la inferior, que están unidas por un puente óseo. Además, su cabeza es pequeña y está cubierta por un caparazón óseo llamado cráneo. Las tortugas son animales que pueden vivir tanto en tierra como en agua. Se alimentan principalmente de plantas y otros invertebrados. Otras características notables de las tortugas son su longevidad, ya que pueden vivir hasta 200 años, y su capacidad para retirar sus extremidades y cabeza dentro del caparazón como modo de protección.','reptilia'),
('squamata','Squamata es un orden de reptiles que incluye a las serpientes, lagartos y camaleones. Estos animales se caracterizan por la presencia de escamas en su piel, lo que les da una apariencia lisa y brillante. Además, tienen una lengua bifurcada que les permite detectar olores y captar información de su entorno. Los miembros de este grupo de reptiles son muy diversos tanto en su morfología como en su forma de vida, desde especies adaptadas a vivir en el suelo hasta otras que trepan árboles o son completamente acuáticas. Squamata tiene una distribución mundial, aunque se concentran principalmente en áreas tropicales y subtropicales. Algunas especies son importantes económicamente para ser utilizadas como alimento, medicina o mascotas.','reptilia' );

INSERT INTO familia VALUES 
('agelenidae','Los agelénidos (Agelenidae) son una familia de arañas araneomorfas constructoras de telas de araña que tiene cerca de 500 especies en 40 géneros en todo el mundo. Ver texto. Destacan la especie europea venenosa Tegenaria agrestis.','araneae'),
('dysderidae','Los Dysderidae son una familia de arañas araneomorfas que se encuentran en todo el mundo. Su cuerpo es aplanado y sin brillo, de color marrón oscuro o negro. A menudo se confunden con las arañas lobo debido a su apariencia similar. Estas arañas tienen seis ojos en dos filas de tres, y tienen una forma distintiva de caminar sobre sus patas, con las dos primeras patas extendidas hacia adelante y las dos últimas extendidas hacia atrás. Las Dysderidae son principalmente arañas nocturnas y suenan como un clic audible cuando se acercan a su presa. No son comunes en las viviendas humanas, pero cuando se encuentran pueden ser una molestia debido a su mordedura venenosa, que puede causar dolor e hinchazón en la zona afectada.','araneae'),
('gnaphosidae','Gnaphosidae es una familia de arañas que se encuentran en todo el mundo. Se caracterizan por tener un cuerpo plano y bajo, con patas largas y delgadas. Algunas especies pueden ser de colores brillantes, mientras que otras son de colores oscuros y difíciles de ver. Estas arañas son depredadoras activas que cazan a sus presas en el suelo o entre hojas y ramas bajas. La mayoría de las especies son inofensivas para los humanos y no muerden a menos que se sientan amenazadas. Algunas especies de Gnaphosidae se han estudiado por sus propiedades venenosas y su uso potencial en la medicina.','araneae'),
('lycosidae','Lycosidae es una familia de arañas que se encuentran en todo el mundo. Estas arañas son conocidas como "arañas lobo" debido a su capacidad de cazar activamente presas en lugar de esperar pasivamente en su tela de araña. Tienen una estructura del cuerpo similar a la de otras arañas, con ocho patas, quelíceros y pedipalpos. A menudo son de tamaño mediano a grande y pueden ser de color marrón, gris o negro. Las arañas lobo tienen una mordedura venenosa, pero rara vez son peligrosas para los humanos. Lycosidae juegan un papel importante en el control natural de insectos y otros artrópodos en el medio ambiente y son una parte esencial del ecosistema en el que viven.','araneae'),
('palpimanidae','Palpimanidae es una familia de arañas que se caracteriza por tener un aspecto similar a un escorpión. Son arañas pequeñas y nocturnas que se encuentran en todo el mundo. La mayoría de las especies se encuentran en Australia y Sudamérica, pero también se pueden encontrar en regiones tropicales y subtropicales de África, Asia y América del Norte. Estas arañas tienen cuerpos planos y patas delgadas, que les permiten moverse por espacios estrechos en busca de presas. Aunque tienen quelíceros que se asemejan a los de un escorpión, no son venenosas y son generalmente inofensivas para los seres humanos.','araneae'),
('pisauridae','Son arañas grandes que se parecen a las arañas lobo (Lycosidae) en la forma que tienen de cazar y atrapar a la presa. Su caparazón es ovalado con marcas longitudinales. Las hembras llevan las ootecas, parte que las integra en los quelíceros, colgando bajo su cuerpo.','araneae'),
('salticidae','Salticidae es una familia de arañas conocidas como arañas saltarinas debido a su capacidad para saltar grandes distancias en comparación con otras arañas. Son de tamaño pequeño a mediano, generalmente de 1 a 2 centímetros de longitud, y tienen un cuerpo redondeado y peludo. Estas arañas son depredadoras activas y cazan a sus presas emboscándolas o persiguiéndolas. Los saltícidos tienen una excelente visión y, por lo general, utilizan sus ocho ojos para rastrear y cazar a sus presas. La mayoría de las especies de Salticidae son inofensivas para los humanos y se encuentran comúnmente en espacios abiertos y soleados como praderas y jardines.','araneae'),
('sparassidae','Los Sparassidae, también conocidos como arañas cangrejo o arañas de patas largas, son una familia de arañas que se encuentran en todo el mundo, especialmente en climas cálidos. Estas arañas tienen cuerpos grandes y pelos gruesos, y pueden variar en color desde marrón claro hasta negro. Tienen ocho patas largas y dos pares de ojos grandes en la parte delantera de la cabeza. A diferencia de muchas otras arañas, las Sparassidae cazan activamente a sus presas en lugar de tejer una telaraña y esperar a que las presas se enreden. Son excelentes cazadoras y pueden presa de animales más grandes que ellas mismas.','araneae'),
('theridiidae','Theridiidae es una familia de arañas que se encuentran en todo el mundo. Las arañas de esta familia tienen un cuerpo pequeño y redondo y patas cortas, además de dos glándulas de seda en la parte posterior del cuerpo. A menudo tienen un patrón característico en el dorso del abdomen en forma de cruz o puntos. Algunas especies son venenosas pero su veneno no es considerado peligroso para los humanos. Estas arañas son generalmente tejerinas activas que prefieren construir sus telarañas en lugares oscuros y protegidos como entre las hojas, debajo de techos y en las esquinas de las paredes. ','araneae'),
('thomisidae','Thomisidae es una familia de arañas conocidas como arañas cangrejo debido a su apariencia y forma de caminar. Se encuentran en todo el mundo, con alrededor de 175 géneros y más de 2,100 especies que han sido identificadas hasta la fecha. A menudo se les encuentra en flores y plantas, por lo que se les conoce como cazadoras de emboscada. Por lo general, son de tamaño pequeño o mediano, y tienen patas largas y una envergadura relativamente grande. No construyen telas, sino que se esconden en posición de emboscada, esperando a que una presa se acerque lo suficiente para capturarla. Algunas especies, sin embargo, construyen refugios como hojas entrelazadas y ramitas.','araneae'),
('hexathelidae','Los Hexathelidae son una familia de arañas venenosas que se encuentran principalmente en el hemisferio sur, en áreas tropicales y subtropicales. Estas arañas son conocidas comúnmente como arañas del embudo debido a su técnica de caza, en la que construyen un embudo de seda en el suelo para capturar a sus presas. Las Hexathelidae a menudo tienen una apariencia oscura y robusta, y su veneno puede ser peligroso para los seres humanos. Muchas especies de Hexathelidae pueden ser encontradas en Australia, incluyendo la famosa araña de embudo Sydney (Atrax robustus), que es considerada una de las arañas más venenosas en el mundo.','araneae'),
('nemesiidae','Los nemésidos o nemesíidos (Nemesiidae) son una familia de arañas migalomorfas, y los únicos miembros de la superfamilia Nemesioidea. Calisoga sp. Fueron consideradas parte de la familia Dipluridae. Son arañas relativamente grandes, pardas, alargadas y con patas robustas.','araneae'),
('buthidae','Buthidae es una familia de escorpiones que se encuentra en todo el mundo con mayor diversidad en regiones cálidas y áridas. Los escorpiones Buthidae se caracterizan por tener cuerpos planos y prolongados, pinzas grandes y un aguijón venenoso en la punta de la cola. Son principalmente nocturnos y se alimentan de insectos, arácnidos y otros invertebrados pequeños. Algunas especies de Buthidae son conocidas por su veneno mortal, que puede causar graves problemas de salud o incluso la muerte. Sin embargo, también se ha demostrado que los componentes del veneno son útiles en la investigación científica y en la producción de medicamentos. ','scorpiones'),
('opiliones','Los opiliones, también conocidos como arañas-cosecha o patas largas, son una orden de arácnidos que se caracterizan por tener un cuerpo alargado y unas patas extremadamente largas. A diferencia de las arañas, los opiliones no tienen glándulas venenosas y no son capaces de producir seda. Aunque algunos opiliones tienen un aspecto similar a las arañas, se pueden diferenciar fácilmente por su cuerpo y sus patas, que no están segmentadas como las de las arañas. Además, los opiliones no son capaces de producir telarañas. Los opiliones son prédateurs y se alimentan de insectos, arañas y otros pequeños invertebrados.','opiliones'),
('panorpidae','Los Panorpidae son una familia de insectos que se encuentran en todo el mundo. Físicamente, tienen un cuerpo delgado y largas patas y antenas. Además, tienen una boca masticadora y alas membranosas. La característica más distintiva de los Panorpidae es su apéndice abdominal masculino, que se asemeja a una cola de escorpión. Sin embargo, este apéndice no es peligroso y se utiliza durante la cópula. Las hembras también tienen un apéndice abdominal, pero es menos prominente que el de los machos. La mayoría de las especies de Panorpidae se alimentan de insectos pequeños y pueden ser útiles como control de plagas en la agricultura.','mecoptera'),
('nymphalidae','Las Nymphalidae son una familia extensa de mariposas, con más de 6000 especies conocidas en todo el mundo. Son conocidas por su tamaño relativamente grande, sus colores brillantes y sus patrones llamativos en las alas. A menudo pueden ser reconocidas por su patrón de "ojos" en las alas posteriores, que se cree que sirve como defensa contra los depredadores. Las larvas de las Nymphalidae se alimentan de una gran variedad de plantas, lo que los convierte en importantes polinizadores en muchos ecosistemas diferentes. Muchas especies de Nymphalidae están amenazadas por la degradación de los hábitats naturales y la pérdida de especies vegetales importantes.','lepidoptera'),
('arctiidae','Arctiidae es una familia de insectos lepidópteros que se caracteriza por la presencia de pelos o escamas en su cuerpo, que pueden ser cortos o largos y gruesos, y que les dan una apariencia peluda. Estos insectos son de tamaño mediano a grande y se encuentran en todo el mundo. Muchas especies pueden ser encontradas en zonas tropicales y subtropicales, y algunas habitan áreas frías. Las mariposas de la familia Arctiidae son conocidas por su colorido y a menudo tienen patrones en su cuerpo y alas que son muy atractivos. Estos insectos tienen diferentes hábitos alimenticios: algunas especies se alimentan de néctar, mientras que otras comen hojas de plantas y árboles.','lepidoptera'),
('carabidae','Los Carábidos, también conocidos como escarabajos terrestres, son una familia de insectos que se encuentra en todo el mundo. Son conocidos por su cuerpo alargado y sus patas largas, las cuales les permiten moverse con rapidez en el suelo. Los Carábidos son depredadores que se alimentan de otros insectos, como hormigas, gusanos y orugas. Además, son importantes en el control natural de plagas en los cultivos agrícolas. La mayoría de los Carábidos tienen un aspecto oscuro y brillante, con un exoesqueleto resistente y una cabeza grande y fuerte. Son una familia amplia y diversa, que incluye más de 40,000 especies diferentes. Estos insectos son importantes en el ecosistema y fascinantes para estudiar debido a su gran diversidad.','coleoptera'),
('labiduridae','La familia Labiduridae son insectos de cuerpo plano que se encuentran comúnmente en áreas tropicales y subtropicales. También se les conoce como tijeretas o ciempiés dorados, ya que tienen un color dorado brillante y se asemejan a los ciempiés con sus patas largas y delgadas. Se caracterizan por tener mandíbulas fuertes y emiten un fuerte olor cuando se sienten amenazados. Son depredadores nocturnos que se alimentan de otros insectos y pequeños invertebrados. Estos insectos suelen encontrarse bajo piedras, troncos y en otros lugares oscuros y húmedos. A pesar de su apariencia aterradora, no son venenosos para los humanos y no representan una amenaza grave.','dermaptera'),
('gryllidae','Los Gryllidae son una familia de insectos en la orden Orthoptera que incluye los grillos verdaderos. Estos insectos tienen cuerpo alargado y aplanado, con patas fuertes y traseras que les permiten saltar grandes distancias. Los grillos son conocidos por su distintivo canto, producido por frotar sus alas. Además de ser un sonido agradable en la naturaleza, el canto de los grillos es utilizado como un medio de comunicación entre ellos. Los Gryllidae se encuentran en todo el mundo, en una variedad de hábitats, desde bosques hasta campos abiertos y pueden ser beneficiosos como polinizadores y controladores de plagas, así como también como alimento para otros animales. En algunas culturas, los grillos son considerados como símbolos de buena suerte y fortuna.','orthoptera'),
('lygaeidae','Lygaeidae es una familia de insectos conocidos comúnmente como chinches de tierra o chinches de semillas. Son pequeños, con una longitud que oscila entre 3 y 12 mm, y poseen una gran variedad de colores, como negro, marrón, rojo o amarillo. Estos insectos se alimentan de plantas, principalmente de semillas, y algunos miembros de la familia son considerados plagas de cultivos. Aunque muchas especies de Lygaeidae son inofensivas para los humanos, algunas pueden emitir un olor desagradable como método de defensa cuando se sienten amenazadas. Además, algunos ejemplares pueden transmitir enfermedades a las plantas, lo que puede causar daños significativos en la agricultura.','hemiptera'),
('scolopendridae','Scolopendridae es una familia de artrópodos terrestres que se caracterizan por su cuerpo alargado y segmentado, con múltiples patas y un par de pinzas en la cabeza, utilizadas para capturar a sus presas. Estos animales son más comúnmente conocidos como ciempiés. Existen alrededor de 3000 especies de ciempiés, distribuidas en todo el mundo, aunque se encuentran predominantemente en climas cálidos y húmedos. A pesar de su aspecto intimidante y su capacidad para inyectar veneno a través de sus mandíbulas, la gran mayoría de las especies de ciempiés son inofensivas para los humanos. Son depredadores ávidos que se alimentan de una amplia variedad de insectos y otros artrópodos.','scolopendromorpha'),
('lithobiidae','Lithobiidae es una familia de artrópodos miriápodos que se caracterizan por tener un cuerpo alargado y estrecho, compuesto por numerosos segmentos y patas. Sus patas son cortas y poderosas, lo que les permite moverse rápidamente y cazar presas. Aunque algunas especies son capaces de morder, no representan un peligro para los humanos. Esta familia de centípedos se encuentra en todo el mundo, desde zonas tropicales hasta zonas frías. Habitan en diversos lugares, como el suelo, la madera podrida, debajo de piedras y en otros lugares húmedos y oscuros. Lithobiidae es un grupo importante en los ecosistemas, al participar en la cadena alimenticia y al ser un control natural de otras plagas.','lithobiomorpha'),
('cambaridae','Los Cambaridae son una familia de crustáceos de agua dulce que incluye más de 600 especies diferentes, como los cangrejos de río y las langostas de agua. Son conocidos por su importancia tanto en la ecología como en la pesca, ya que son muy abundantes en muchos ríos y lagos de todo el mundo. Los Cambaridae pueden variar mucho en tamaño y apariencia, pero típicamente tienen cuerpos planos y anchos con dos grandes garras alargadas en la parte delantera. Además, estas especies son muy adaptables a una amplia variedad de hábitats acuáticos, lo que les permite sobrevivir en regiones desde las aguas frías y corrientes de montañas hasta los pantanos y lagos cálidos y tranquilos.','decapoda'),
('majidae','Los Majidae son una familia de crustáceos decápodos que incluyen diversas especies de cangrejos de agua salada y dulce. Estos cangrejos suelen tener un cuerpo ancho, patas cortas y un caparazón duro que los protege de los depredadores. En general, suelen ser animales bentónicos, lo que significa que habitan en fondos de mar o ríos y lagos. Los miembros de esta familia tienen una amplia distribución geográfica y se encuentran en muchas partes del mundo, desde las regiones templadas hasta las tropicales. Son animales omnívoros y se alimentan de una variedad de alimentos, incluyendo mariscos, algas y pequeños organismos acuáticos.','decapoda'),
('eriphiidae','Eriphiidae es una familia de cangrejos marinos que se caracterizan por tener un caparazón ancho y aplanado, con una serie de espinas en los bordes. Son comunes en las costas rocosas de todo el mundo, y suelen ser depredadores agresivos que se alimentan de una variedad de presas, incluyendo otros cangrejos y moluscos. Las patas de los eriphíidos son largas y delgadas, con una serie de espinas a lo largo de las articulaciones. Estas les permiten trepar por superficies rocosas y vadear por las pozas de marea en busca de alimento. Algunas especies también pueden nadar o flotar utilizando sus patas como remos. ','decapoda'),
('bufonidae','Los Bufónidos son una familia de anfibios altamente diversa que se encuentra en todo el mundo, excepto en la Antártida. Su tamaño varía desde especies pequeñas, que miden tan solo un par de centímetros, hasta especies grandes como el sapo gigante de América del Sur, que puede alcanzar más de un metro de largo. Estos anfibios se caracterizan por tener piel gruesa, arrugada y a veces venenosa. Además, tienen glándulas parótidas detrás de los ojos que secretan una sustancia tóxica para ahuyentar a los depredadores. Los colores y diseños de los bufónidos son muy variados y se utilizan para camuflarse en su entorno y para señalar peligro a posibles depredadores.','anura'),
('hylidae','Hylidae es una familia de anfibios que se caracteriza por tener dedos con ventosas y lenguas largas y pegajosas. Comúnmente conocidos como ranas arbóreas, se encuentran en todo el mundo, pero principalmente en América. Hay cerca de 100 géneros y más de 800 especies de Hylidae. Estas ranas son conocidas por sus llamadas distintivas, que sirven para atraer a las hembras durante la temporada de apareamiento. Son animales nocturnos y se alimentan de insectos y otros pequeños invertebrados. A menudo se las puede encontrar en hábitats húmedos, como bosques tropicales, pantanos y estanques. ','anura'),
('pelobatidae','Pelobatidae es una familia de anfibios que se encuentra en todo el mundo y se caracteriza por tener un cuerpo alargado y una piel granulada. Son conocidos comúnmente como sapos corredores debido a su habilidad para correr sobre el suelo en lugar de saltar como otros sapos. Tienen ojos grandes y pupila vertical, lo que les permite ver mejor en condiciones de poca luz. También tienen un saco vocal en su garganta que les permite producir sonidos para atraer a sus parejas o advertir a los depredadores. Al igual que otros anfibios, pasan por una fase de larva acuática antes de convertirse en adultos terrestres. Algunas especies de Pelobatidae tienen una esperanza de vida de hasta 10 años y se alimentan de una variedad de insectos y pequeños animales.','anura'),
('ranidae','Ranidae es una familia de anfibios anuros que incluye más de 800 especies de ranas. Son animales vertebrados que se caracterizan por tener la piel húmeda y por ser ectotérmicos, es decir, que su temperatura corporal depende del medio ambiente. Las ranas de esta familia son muy variadas en cuanto a su tamaño y color, pero se pueden reconocer por tener patas traseras preparadas para saltar y por tener membranas interdigitales en los dedos. La mayoría de las ranas de la familia Ranidae se encuentran en el hemisferio norte, especialmente en América del Norte, aunque también hay especies en África, Asia y Europa. Las ranas son animales muy importantes en los ecosistemas, pues controlan el número de insectos y otros pequeños animales y son alimento de muchas especies depredadoras.','anura'),
('salamandridae','Salamandridae es una familia de anfibios que comprende más de 130 especies distintas de salamandras. Son animales de cuerpo alargado, con cuatro extremidades cortas y una cola. La piel es lisa y puede variar en color, desde marrón oscuro hasta naranja brillante o amarillo. Algunas especies, como la salamandra común, tienen marcas distintivas en forma de manchas o rayas. Suelen habitar en ambientes acuáticos, como arroyos o lagos, pero algunas especies también pueden encontrarse en bosques húmedos y montañas. La mayoría de las especies de Salamandridae ponen huevos, pero algunas dan a luz crías vivas. ','urodelos'),
('geoemydidae','Geoemydidae es una familia de tortugas de agua dulce que se encuentra en todo el mundo, excepto en Australia y la Antártida. Se caracterizan por tener un caparazón amplio y aplanado, con una quilla en el centro, y una cabeza grande y distintiva con ojos prominentes. También tienen patas y dedos bien desarrollados, lo que les permite moverse con facilidad dentro del agua y en la tierra. La familia Geoemydidae incluye algunas especies populares como la tortuga japonesa, la tortuga de caja y la tortuga de orejas rojas. Muchas de estas especies son comúnmente mantenidas como mascotas debido a su tamaño manejable y su personalidad amigable.','testudines'),
('blanidae','Blanidae es una familia de lagartos que pertenece al orden Squamata. Se caracterizan por tener un cuerpo delgado y alargado, con piel escamosa y patas cortas. Algunas especies pueden tener colores brillantes y patrones distintivos en su piel, mientras que otras son de tonos más oscuros y menos llamativos. Son animales principalmente terrestres, que habitan en diferentes tipos de hábitats, como zonas boscosas y desérticas. Se alimentan de insectos, arañas y otros pequeños animales. La reproducción es ovípara y pueden poner varios huevos a la vez. En general, los Blanidae son considerados animales tímidos y tranquilos, y no suelen ser agresivos hacia los humanos.','squamata'),
('colubridae','Colubridae es una familia de serpientes que se encuentra en todo el mundo, excepto en la Antártida y en algunas islas remotas. La familia Colubridae es la más diversa de todas las familias de serpientes, con más de 3.000 especies distintas identificadas. La mayoría de las especies de Colubridae son no venenosas, aunque algunas sí tienen glándulas venenosas que pueden ser peligrosas para los humanos. Las serpientes Colubridae se caracterizan por tener cuerpos delgados y largos, y por ser ágiles y rápidas. Sus mandíbulas son articuladas, lo que les permite tragar presas mucho más grandes que su cabeza. Muchas especies de Colubridae se alimentan de pequeños mamíferos, aves y reptiles.','squamata'),
('gekkonidae','Gekkonidae es una familia de lagartos comúnmente conocidos como gecos. Son animales pequeños y ágiles, generalmente nocturnos y de hábitat diverso, que se encuentran en regiones tropicales y subtropicales de todo el mundo. Poseen una piel suave y sin escamas, con dedos y un campo adhesivo, lo que les permite trepar y mantenerse pegados a superficies verticales y horizontales. Son insectívoros y se alimentan principalmente de pequeños invertebrados, como insectos y arañas. La mayoría de las especies de gecos son ovíparas y ponen huevos blandos que se desarrollan fuera del cuerpo de la madre. ','squamata'),
('lacertidae','La familia Lacertidae es una de las principales familias de lagartos, compuesta por más de 200 especies diferentes en todo el mundo. Se caracterizan por ser animales de pequeño a mediano tamaño, de cuerpo estilizado y patas relativamente cortas. A menudo son encontrados en áreas boscosas y rocosas, donde pueden trepar con facilidad. Algunas especies son diurnas y muy activas, mientras que otras prefieren esconderse durante el día y salir en la noche en busca de alimento. Los miembros de esta familia también tienen una gran variedad en cuanto a color y patrón, algunos de ellos muy llamativos y hermosos.','squamata'),
('scincidae','Scincidae es una familia de reptiles escamosos que se encuentran en todo el mundo. Son conocidos como escincos y son uno de los grupos de lagartos más diversos en términos de tamaño y hábitats ocupados. Muchas especies son de tamaño pequeño a mediano y se alimentan de invertebrados como insectos, arañas y caracoles. Otros son grandes y pueden comer pequeños vertebrados como roedores o lagartijas más pequeñas. Tienen una gran variedad de formas corporales y colores, desde aquellos con cuerpo estrecho y largo para deslizarse entre las rocas, hasta los más robustos y voluminosos como las iguanas terrestres. A menudo son animales diurnos con temperamentos muy activos, moviéndose rápidamente por su entorno para buscar presas y refugios.','squamata');

INSERT INTO genero  VALUES 
('tegenaria','Tegenaria domestica es una araña araneomorfa de la familia Agelenidae. Es cosmopolita. Construyen telarañas en forma de sábana, que en los edificios se sitúan normalmente en las esquinas de las habitaciones.','agelenidae'),
('dysdera','Dysdera es un género de arañas que se encuentran en todo el mundo, pero son más comunes en Europa y América del Norte. Son arañas de tamaño mediano, con cuerpos robustos y patas cortas y fuertes. Muchas especies tienen una coloración marrón oscuro o negra y como todas las arañas, tienen ocho patas y dos colmillos venenosos. Las arañas Dysdera son conocidas por alimentarse principalmente de otras arañas, incluyendo la famosa araña negra de la casa. A menudo se encuentran en zonas húmedas y oscuras, como debajo de las rocas y los troncos. Aunque no son venenosas para los humanos, pueden morder si se sienten amenazadas, causando enrojecimiento, hinchazón y dolor en la zona afectada.','dysderidae'),
('zelotes','Zelotes araña es un género de araña perteneciente a la familia Gnaphosidae, comúnmente encontrada en América del Norte y Europa. Esta araña tiene un cuerpo pequeño y aplanado, con colores que van desde el marrón claro hasta el negro. Pueden ser difíciles de distinguir de otras especies de arañas, ya que su apariencia es muy similar a la de otras especies de la familia Gnaphosidae. Las zelotes araña son depredadoras y se alimentan principalmente de otros insectos pequeños, como moscas y mosquitos. Se pueden encontrar en diversos hábitats, como bosques, praderas y áreas urbanas. En general, las zelotes araña no son dañinas para los humanos y rara vez muerden, pero si lo hacen, los síntomas son leves, como dolor.','gnaphosidae'),
('lycosa','El género Lycosa es un grupo de arañas que pertenece a la familia Lycosidae. Estas arañas son conocidas comúnmente como "tarántulas cazadoras". Son depredadoras que se alimentan de otros insectos y arañas. La especie más conocida de Lycosa en España es la Lycosa hispanica, que tiene una longitud de cuerpo de hasta 25 mm y es de color marrón oscuro con marcas más claras en el abdomen. Suelen habitar en zonas de suelo arenoso o rocoso, y a menudo pueden ser encontradas corriendo rápidamente en la superficie de la tierra. Las arañas del género Lycosa son importantes componentes del ecosistema terrestre, ya que ayudan a controlar la población de insectos y otros arácnidos.','lycosidae'),
('palpimanus','Palpimanus es un género de arañas de la familia Palpimanidae. Estas arañas son endémicas de las regiones mediterránea y africana. Son generalmente pequeñas y tienen una longitud corporal que varía entre 3 y 8 mm. El color de las arañas varía según la especie, aunque generalmente son de tonos marrones y grises. Las arañas del género Palpimanus se caracterizan por tener un par de patas frontales bastante largas en relación con otras especies de arañas. Sus patas están cubiertas de pelos sensibles que les permiten detectar los movimientos de sus presas y orientarse en su entorno.','palpimanidae'),
('dolomedes','Dolomedes es un género de arañas de la familia Pisauridae que se encuentra en diversas partes del mundo, incluyendo América del Norte, Europa y Asia. Estas arañas son conocidas por su tamaño grande, con algunas especies alcanzando hasta 4 pulgadas de tamaño corporal. Dolomedes se encuentra comúnmente en áreas húmedas y cerca del agua, como estanques, ríos y lagos. A menudo se les conoce como "aranas pescadoras" ya que son capaces de caminar sobre el agua y cazar presas acuáticas. Las arañas Dolomedes son generalmente inofensivas para los humanos, aunque pueden morder si se sienten amenazadas. En general, se les considera beneficiosas debido a su papel en el control de la población de insectos.','pisauridae'),
('menemerus','Menemerus es un género de arañas saltadoras que pertenece a la familia Salticidae. Estas arañas se caracterizan por su habilidad para saltar grandes distancias en busca de presas o para evitar peligros. Aunque son comunes en muchos lugares del mundo, su distribución se concentra principalmente en regiones tropicales y subtropicales. En cuanto a su apariencia, las arañas Menemerus suelen medir entre 5 y 15 mm y presentan colores brillantes y contrastantes, como el negro y el blanco, o el verde y el amarillo. Son depredadoras eficaces y se alimentan de insectos pequeños, como moscas y mosquitos.','salticidae' ),
('micrommata','Micrommata es un género de arañas que pertenece a la familia Sparassidae, conocidas comúnmente como arañas caza o tarántulas gigantes. Estas arañas se encuentran principalmente en el hemisferio norte, aunque también se han registrado en América Central y del Sur. El cuerpo de Micrommata es robusto y peludo, con patas largas y fuertes. Su tamaño es variable, dependiendo de la especie, pero suelen medir entre 1 y 5 centímetros de longitud corporal. Son depredadoras que cazan principalmente insectos y otros artrópodos. Micrommata se caracteriza por tener una visión aguda y un comportamiento curioso, siendo intimidantes para muchas personas.','sparassidae'),
('steatoda','Steatoda es un género de arañas que se encuentran en todas partes del mundo y que se caracterizan por su apariencia similar a la de la temida viuda negra. Estas arañas normalmente miden entre 4 y 15 mm de largo, y suelen tener un cuerpo oscuro con manchas más claras. Aunque no son venenosas para los humanos, pueden causar reacciones alérgicas en algunas personas sensibles. Las steatodas construyen telarañas pegajosas en forma de embudo en áreas oscuras y a menudo se encuentran en sótanos, cobertizos o en rincones de las casas. Es importante tener precaución al manipular cualquier araña, incluyendo las steatodas, y evitar tocarlas con las manos desprotegidas.','theridiidae' ),
('thomisus','Thomisus es un género de arañas de la familia Thomisidae. Son arañas cazadoras que pueden encontrarse en todo el mundo, en diversos hábitats, incluyendo plantas, flores y hojas. Su coloración varía considerablemente, desde el blanco hasta el amarillo, naranja, rojo, marrón o incluso verde. A menudo, las arañas del género Thomisus tienen un camuflaje excelente que les permite confundirse con las flores, y esperan pacientemente a que sus presas se acerquen lo suficiente para ser capturadas. Las Thomisus son depredadoras sumamente efectivas, y pueden capturar desde moscas y mosquitos hasta mariposas y abejas.','thomisidae'),
('macrothele','Macrothele es un género de arañas perteneciente a la familia Hexathelidae. Estas arañas son venenosas y se pueden encontrar principalmente en Asia, especialmente en China y en el sudeste asiático. La mayoría de las especies de Macrothele son de hábitos subterráneos y construyen madrigueras para vivir. A pesar de su peligrosidad, estas arañas no suelen ser agresivas y solo atacan si se sienten amenazadas. Los síntomas de su mordedura pueden incluir intenso dolor local, náuseas, sudores fríos y, en casos más extremos, dificultad para respirar y parálisis. Es importante tener precaución y evitar el contacto con estas arañas en su hábitat natural para evitar posibles mordeduras.','hexathelidae'),
('iberesia','Iberesia es un género de arañas migalomorfas de la familia Nemesiidae. Se encuentra en la península ibérica y el norte de África.','nemesiidae'),
('buthus','Buthus es un género de escorpiones venenosos perteneciente a la familia Buthidae. Se encuentran principalmente en regiones cálidas y áridas de África y Oriente Medio, y algunas especies también se encuentran en Asia y Europa del Sur. Los escorpiones del género Buthus tienen un cuerpo robusto y patas gruesas adaptadas para cavar en el suelo. Algunas especies tienen un veneno muy potente que puede ser mortal para los seres humanos y otros animales. Estos escorpiones son nocturnos y se alimentan principalmente de insectos y otros artrópodos. Tienen un papel importante en la regulación de las poblaciones de plagas y en la polinización de las plantas.','buthidae'),
('opiliones','Los opiliones, también conocidos como arañas-cosecha o patas largas, son una orden de arácnidos que se caracterizan por tener un cuerpo alargado y unas patas extremadamente largas. A diferencia de las arañas, los opiliones no tienen glándulas venenosas y no son capaces de producir seda. Aunque algunos opiliones tienen un aspecto similar a las arañas, se pueden diferenciar fácilmente por su cuerpo y sus patas, que no están segmentadas como las de las arañas. Además, los opiliones no son capaces de producir telarañas. Los opiliones son prédateurs y se alimentan de insectos, arañas y otros pequeños invertebrados.','opiliones'),
('panorpa','Panorpa es un género de insectos pertenecientes a la familia de los Mecoptera. También se les conoce como moscas de las escorpiones debido a que su aspecto se asemeja al de este tipo de arácnido. Estos insectos presentan un cuerpo alargado y delgado con una cabeza estrecha y prolongada. Poseen unas grandes mandíbulas curvas utilizadas para capturar a sus presas, principalmente otros insectos. Las Panorpa son de hábitos principalmente nocturnos y se alimentan de pequeños invertebrados que encuentran en el suelo o entre la vegetación. Algunas especies pueden ser consideradas como plagas debido a que pueden dañar algunos cultivos.','panorpidae'),
('vanessa','Vanessa es un género de mariposas de la familia Nymphalidae, conocidas comúnmente como "bellezas otoñales" debido a que muchas de sus especies se ven más comúnmente durante el otoño. Son mariposas de tamaño mediano a grande, con alas de color marrón oscuro con manchas y patrones distintivos, y a menudo tienen un borde naranja o rojo. Vanessa nymphalidae es una especie específica de este género, que también se distingue por sus manchas plateadas o doradas en las alas delanteras y traseras. Son comunes en regiones templadas de todo el mundo y pueden ser atraídos fácilmente a jardines y patios plantados con flores.','nymphalidae'),
('charaxes','Charaxes es un género de mariposas grandes y coloridas que se encuentran principalmente en las regiones tropicales de África. Estas mariposas a menudo tienen patrones brillantes y llamativos en sus alas, que pueden variar en color y forma entre las diferentes especies. Charaxes también se caracteriza por tener un vuelo lento y relajado, lo que hace que sea más fácil para los observadores de aves y los amantes de la naturaleza tener una buena visión de ellas. La mayoría de las especies de Charaxes se alimentan de néctar y se pueden ver volando cerca de las flores. Este género de mariposas es muy diverso y hay más de 200 especies conocidas de Charaxes en todo el mundo.','nymphalidae'),
('cymbalophora','Cymbalophora es un género de mariposas nocturnas de la familia Erebidae, que se encuentran en América del Norte, Europa y Asia. Estas mariposas tienen una envergadura de alas de 3 a 5 cm y suelen ser de color marrón oscuro o grisáceo con patrones de líneas o puntos más claros en las alas. Las larvas de algunas especies se alimentan de líquenes y musgos, mientras que otras se alimentan de hojas de árboles y arbustos. Cymbalophora participa en la polinización de algunas plantas y es importante en la cadena alimenticia de algunos animales. Aunque estas mariposas no son tan conocidas como otras especies, su belleza y su papel en el ecosistema son igual de importantes.','arctiidae'),
('carabus','Carabus es un género de insectos coleópteros que pertenecen a la familia Carabidae. Se caracterizan por tener una forma ovalada y un cuerpo robusto que les permite desplazarse por el suelo de manera rápida y eficiente. Su tamaño varía entre 5 y 60 mm, y su coloración es generalmente oscuro, con tonalidades marrones, negras o azuladas. Estos escarabajos son generalmente depredadores y se alimentan de otros insectos tanto en estado larvario como adulto. Además de su utilidad ecológica, algunas especies de Carabus son consideradas plagas de cultivos agrícolas y forestales. En el mundo existen más de 2,000 especies distintas de Carabus, siendo Europa y Asia las regiones donde se encuentra la mayor diversidad de estas interesantes criaturas.','carabidae'),
('chlaenius','Chlaenius es un género de escarabajos depredadores pertenecientes a la familia Carabidae. Estos insectos son de mediano a grande tamaño, con cuerpos alargados y patas fuertes para correr y cazar a sus presas. Se pueden encontrar en diferentes hábitats, desde bosques y praderas hasta desiertos y montañas. Las especies de Chlaenius se caracterizan por tener mandíbulas fuertes y afiladas, lo que les permite atrapar y cortar a sus presas en trozos más pequeños. Además, su exoesqueleto es muy resistente y les permite soportar ataques de otros depredadores.','carabidae'),
('labidura','Labidura es un género de insecto que pertenece a la familia de los labidurinos. Estos insectos son conocidos popularmente como tijeretas o cortapicos debido a que poseen fuertes mandíbulas que les permiten cortar materia vegetal y animal. Las tijeretas son de cuerpo plano, alargado y de color marrón oscuro. Se pueden encontrar en lugares cálidos y húmedos, como debajo de rocas y troncos o en grietas de edificios. Aunque su picadura no es venenosa, puede ser dolorosa y producir una pequeña inflamación. Las tijeretas pueden ser beneficiosas para el control de plagas, ya que se alimentan de otros insectos, pero también pueden causar daños a las plantas si se encuentran en grandes cantidades.','labiduridae' ),
('gryllotalpa','El Gryllotalpa, también conocido como Topo Grillero o Topo Cebollero, es un insecto del orden Orthoptera y de la familia Gryllotalpidae. Su apariencia es similar a la de un topo, con una cabeza grande y fuertes patas delanteras adaptadas para cavar túneles en la tierra. Su cuerpo mide entre 4 y 5 cm de longitud y su color varía entre marrón oscuro y negro. Suelen habitar en campos y jardines, donde se alimentan de raíces y tubérculos. Durante la primavera, los machos emiten un fuerte sonido con sus alas para atraer a las hembras. Aunque no son considerados una plaga, su presencia puede ser problemática para el cultivo de plantas y vegetales.','gryllidae'),
('acheta','Acheta es el nombre científico que se le da a los saltamontes comunes. Estos insectos son conocidos por sus grandes patas traseras que les permiten saltar grandes distancias para escapar de posibles depredadores. También son reconocidos por su capacidad de producir sonidos con una especie de frotamiento de las patas para atraer a las hembras durante el apareamiento. Los Achetas son generalmente inofensivos para los humanos y se alimentan de una variedad de plantas y vegetación. A menudo se encuentran en áreas verdes con hierba alta y arbustos, aunque también pueden ser vistos viviendo en interiores, en jardines o en parques urbanos. Algunas especies de achetas también son utilizadas como alimento para mascotas exóticas, como reptiles y anfibios.','gryllidae'),
('gryllus','Gryllus es un género de insectos perteneciente a la familia Gryllidae. Son más comúnmente conocidos como grillos y se caracterizan por tener antenas largas y delgadas, así como alas coriáceas y patas traseras fuertes, adaptadas para saltar. Los grillos habitan en una variedad de hábitats, desde áreas boscosas hasta jardines y campos abiertos. Son conocidos por su creciente canto, producido por un proceso conocido como estridulación. Los grillos tienen una dieta omnívora, alimentándose de una variedad de plantas y pequeños insectos. También son importantes en la dieta de muchas especies de aves y otros animales. En algunas culturas, los grillos se consideran símbolos de buena suerte y se mantienen como mascotas.','gryllidae' ),
('spilostethus','Spilostethus es un género de insectos de la familia Miridae, comúnmente conocidos como chinches falsas. Estos insectos se encuentran en diversas partes del mundo y se alimentan de plantas. Su tamaño varía de 2 a 10 mm, y tienen una forma ovalada y aplanada. Tienen antenas rectas y delgadas que les ayudan a detectar sus alimentos y un pronoto que cubre casi toda la cabeza. Las alas son delgadas y membranosas, y pueden tener distintos patrones de colores. Estos insectos son importantes para el control biológico de ciertas plantas y se utilizan para reducir las poblaciones de plagas. Algunas especies de Spilostethus también son consideradas plagas de cultivos, ya que pueden causar daños a los cultivos y reducir la producción.','lygaeidae'),
('scolopendra','La Scolopendra es un género de ciempiés que se encuentra en muchas partes del mundo, incluyendo América del Norte, América del Sur, Europa, Asia y África. A menudo se les conoce como ciempiés gigantes debido a su tamaño considerable, que puede variar de unos pocos centímetros a más de 30 cm de largo. La mayoría de las especies de Scolopendra son depredadoras y se alimentan de otros animales pequeños, como insectos, arañas y lombrices. A pesar de que la mayoría de las especies no son peligrosas para los seres humanos, algunas de las más grandes pueden morder y causar dolor y una reacción alérgica en algunas personas.','scolopendridae'),
('lithobius','Lithobius es un género de ciempiés perteneciente a la familia Lithobiidae. Estos ciempiés son largos y delgados, con entre 15 y 23 pares de patas. Tienen una cabeza visible con un par de antenas y una serie de patas cerca de la cabeza, lo que les permite moverse con rapidez y eficacia. Son depredadores y se alimentan de otros artrópodos, como insectos y arañas. A menudo se les encuentra debajo de piedras y troncos en ambientes húmedos y oscuros. En general, los ciempiés son útiles en el control de poblaciones de otros insectos y en la aireación del suelo en ecosistemas naturales. ','lithobiidae'),
('procambarus','Procambarus es un género de crustáceos conocidos como cangrejos de río o langostinos de río. Son abundantes en América del Norte y América Central, y también se encuentran en algunas partes de Europa. Estos crustáceos tienen un cuerpo alargado con un exoesqueleto duro que les permite protegerse de los depredadores. Tienen un par de antenas, una cabeza pequeña y un par de pinzas fuertes que utilizan para defenderse y para capturar alimentos. También tienen patas largas y fuertes que les permiten moverse rápidamente por el agua. Los cangrejos de río son importantes para los ecosistemas acuáticos, ya que ayudan a mantener los niveles de nutrientes en el agua y son una fuente de alimento para muchos animales acuáticos y terrestres.','cambaridae'),
('maja','Las Maja majidae son una familia de crustáceos que incluyen diferentes especies de cangrejos. Estos cangrejos tienen un caparazón duro y una amplia gama de colores, desde rojo intenso hasta verde oscuro. Se encuentran principalmente en los océanos Atlántico y Pacífico, en aguas poco profundas cerca de la costa. Suelen alimentarse de moluscos, crustáceos pequeños y algas. Además, son un importante recurso pesquero en algunas regiones del mundo. Las Maja majidae son conocidas por su tamaño, que puede alcanzar hasta 30 cm de ancho, y por sus grandes y fuertes pinzas, que utilizan para capturar su alimento y defenderse de los depredadores.','majidae'),
('eriphia','Eriphia es un género de crustáceos decápodos que pertenece a la familia Epialtidae. Se caracterizan por tener un caparazón con una forma triangular y espinas en los bordes laterales, además de tener unas tenazas bastante robustas. Dentro del género Eriphia se pueden encontrar varias especies, algunas de las cuales se distribuyen por todo el mundo. Estos crustáceos habitan principalmente en zonas intermareales rocosas, aunque también se pueden encontrar en zonas de arena y fango. Su tamaño varía según la especie, pero en general pueden medir entre 5 y 15 centímetros de longitud, y su coloración es bastante variable, pudiendo ser grisáceos, verdosos, amarillentos o rojizos.','eriphiidae'),
('bufo','Bufo es un género de anfibios de la familia Bufonidae, comúnmente conocidos como sapos. Estos animales se caracterizan por tener un cuerpo tosco y piel gruesa, con glándulas que les permiten segregar una sustancia tóxica para defenderse de posibles depredadores. Además, suelen tener una cabeza ancha y un par de glándulas de paratiroides que les permiten regular sus niveles de calcio. Los sapos son animales nocturnos y carnívoros, que se alimentan principalmente de insectos, aunque algunos ejemplares pueden llegar a comer pequeños vertebrados. Aunque su aspecto no es tan atractivo como el de otras especies de anfibios, los sapos son animales importantes para el equilibrio ecológico de los ecosistemas en los que habitan.','bufonidae'),
('epidalea','Epidalea es un género de anfibios anuros de la familia Bufonidae que comprende varias especies, entre ellas la Epidalea calamita, conocida comúnmente como sapo de espuelas o sapo común. Estos anfibios tienen un cuerpo corto y tosco con verrugas en la piel y glándulas parótidas grandes detrás de los ojos. Poseen un patrón de coloración variable, aunque generalmente son de tonos pardos o grises con manchas más oscuras en la parte superior del cuerpo y en las extremidades. Los sapos de esta especie se encuentran comúnmente en distintos hábitats, como bosques, prados, campos de cultivo e incluso zonas urbanas. Son conocidos por su característico canto, que emiten durante el período de apareamiento.','bufonidae' ),
('hyla','Hyla es un género de anfibios que pertenece a la familia Hylidae. Estos anfibios tienen una amplia distribución geográfica, que abarca desde Sudamérica hasta América del Norte. Se caracterizan por su piel suave y brillante, con colores y patrones variados. Las especies de Hyla generalmente tienen una cabeza grande y ojos grandes y redondos. También tienen patas posteriores alargadas, lo que les permite saltar largas distancias. Son animales nocturnos que se alimentan principalmente de insectos y otros invertebrados. Muchas especies de Hyla también son conocidas por su canto distintivo, que utilizan para atraer a las hembras y establecer su territorio. ','hylidae' ),
('pelobates','Pelobates es un género de anfibios anuros que habitan en Europa, Asia y África del Norte. Comúnmente conocidos como sapillos pintojos, estos anfibios se caracterizan por tener pupilas elípticas y una cresta alargada en la mitad de su espalda. El color de su piel varía entre marrón oscuro, gris y verdoso, y tienen manchas claras y oscuras en su cuerpo. Los sapillos pintojos habitan en zonas húmedas cerca de arroyos, ríos y lagos. Durante la época de apareamiento, los machos emiten una llamada característica que es audible a una distancia de hasta varios cientos de metros.','pelobatidae'),
('pelophylax','Pelophylax es un género de ranas nativas de Europa, Asia y África que pertenecen a la familia de los ranidos. Estas ranas acuáticas se caracterizan por tener dedos fuertes y membranas interdigitales, lo que las hace muy hábiles para nadar y trepar en los sedimentos de los fondos acuáticos. Además, tienen una piel robusta con manchas y colores que varían según la especie y la región en la que habitan. Estas ranas son conocidas por su canto estridente, utilizado por los machos para atraer a las hembras durante el apareamiento. Entre las especies más comunes de Pelophylax se encuentran la rana bermeja, la rana común, la rana verde y la rana patilarga.','ranidae' ),
('triturus','Triturus es un género de salamandras que pertenecen a la familia Salamandridae. Estas salamandras tienen una apariencia similar a la de un lagarto y, al igual que otras salamandras, pasan parte de su vida en el agua y parte en la tierra. Los tritones pueden encontrarse en una amplia variedad de hábitats acuáticos, desde estanques hasta ríos y arroyos, y las especies terrestres se encuentran en bosques y áreas húmedas de toda Europa y Asia. Los tritones son conocidos por tener una gran capacidad de regeneración, pudiendo regenerar extremidades y órganos internos. Algunas especies de tritones están en riesgo de extinguirse debido a la pérdida de hábitat y la contaminación del agua.','salamandridae'),
('pleurodeles','Pleurodeles es un género de salamandras acuáticas que pertenecen a la familia Salamandridae. Son conocidas como salamandras ibéricas o salamandras acuáticas europeas y se pueden encontrar en diversas partes de Europa, principalmente en la península ibérica. Estas salamandras tienen un cuerpo alargado y una cabeza ancha con grandes ojos y hocico corto. Su cola es larga y aplanada lateralmente, lo que les permite nadar con facilidad en el agua. La mayoría de las especies de Pleurodeles tienen una piel gruesa y áspera, que les ayuda a protegerse contra predadores. Además, estas salamandras tienen la habilidad de regenerar sus extremidades si se les amputa una parte de ellas. ','salamandridae' ),
('salamandra','La salamandra es un anfibio de piel suave y húmeda que pertenece a la familia de los salamándridos. Son animales nocturnos y se alimentan de insectos, larvas, caracoles y lombrices. Son animales muy resistentes y pueden regenerar algunas partes de su cuerpo si las pierden. Las salamandras tienen una lengua larga y pegajosa que usan para capturar a sus presas. Generalmente, se encuentran en zonas húmedas como charcas, bosques y ríos. Suelen medir entre 10 y 30 centímetros de longitud y tienen una gran diversidad de colores y patrones en su piel, desde marrones oscuros y negros, hasta amarillos, rojos y verdes brillantes.','salamandridae' ),
('mauremys','Mauremys es un género de tortugas de agua dulce que pertenece a la familia Geoemydidae. Las tortugas de este género suelen tener una longitud aproximada de entre 15 y 25 cm y se distinguen por tener una cabeza aplanada y una cresta en su caparazón. Además, suelen presentar un patrón de rayas en el cuello y en las patas y su color puede variar entre marrón, verde y grisáceo. En cuanto a su alimentación, se alimentan principalmente de insectos, crustáceos, gusanos y plantas acuáticas. Estas tortugas son comunes en regiones de Asia y África, y algunos de sus representantes son popularmente conocidos como "tortuga de río asiática" o "tortuga de vientre amarillo".','geoemydidae' ),
('blanus','Blanus es un género de lagartos sin patas perteneciente a la familia Amphisbaenidae. Son animales subterráneos que habitan en áreas secas y arenosas del Mediterráneo, Oriente Medio y África, como desiertos y estepas. Tienen un cuerpo cilíndrico largo y delgado que les permite avanzar con facilidad por túneles subterráneos. Sus ojos son muy pequeños y están cubiertos por piel, lo que les dificulta ver. Sin embargo, tienen una excelente capacidad para detectar vibraciones a través de su piel. Son animales ovíparos y se alimentan principalmente de insectos y otros invertebrados que encuentran bajo tierra.','blanidae' ),
('natrix','Natrix es un género de serpientes no venenosas que se encuentran en Europa, Asia y África. Estas serpientes son conocidas por su habilidad para nadar y también se les conoce como serpientes de agua. Tienen un cuerpo delgado y alargado, con una cabeza pequeña y ojos grandes y redondos. La mayoría de las especies de Natrix son de color marrón oscuro con manchas negras en la parte superior del cuerpo, y su abdomen es generalmente de color claro. Se alimentan principalmente de anfibios, peces, y otros pequeños animales acuáticos. A menudo se las encuentra cerca del agua, donde pasan la mayor parte de su tiempo.','colubridae'),
('rhinechis','Rhinechis es un género de serpientes que pertenece a la familia Colubridae. Comprende dos especies: Rhinechis scalaris y Rhinechis ornaticeps. Ambas especies son endémicas del extremo sur de la península ibérica y Marruecos. Rhinechis scalaris, también conocida como culebra de herradura, es una serpiente que puede alcanzar una longitud de hasta 120 cm. Su coloración varía de marrón a grisácea con unos dibujos que forman una "herradura" en su cabeza.','colubridae'),
('hemidactylus','Hemidactylus es un género de lagartos geckos que se encuentra principalmente en regiones tropicales y subtropicales de todo el mundo. Estos geckos tienen un cuerpo pequeño y delgado, con una piel rugosa y arrugada, y dedos de agarre adhesivos en cada pata para ayudarlos a escalar superficies verticales. La mayoría de las especies de Hemidactylus son nocturnas y se alimentan de insectos y otros invertebrados. Muchas especies de Hemidactylus también son populares como mascotas exóticas debido a su pequeño tamaño y su capacidad para adaptarse bien a los ambientes de vida en cautiverio. Aunque no son generalmente agresivas, algunas especies pueden morder o soltar su cola como mecanismo de defensa si se sienten amenazados.','gekkonidae' ),
('tarentola','La tarentola es un género de lagartos de la familia Gekkonidae, que habitan en regiones de clima cálido de todo el mundo. También conocidos como geckos, estos animales se caracterizan por sus grandes ojos y su habilidad para trepar y adherirse a superficies verticales gracias a sus dedos provistos de láminas adhesivas. La mayoría de las especies de tarentola son nocturnas y se alimentan de insectos y arañas, ayudando a controlar las poblaciones de plagas en zonas urbanas y rurales. Además, estos lagartos son apreciados como mascotas por su fácil mantenimiento y su asombrosa capacidad para regenerar sus colas en caso de ser cortadas por algún motivo.','gekkonidae' ),
('podarcis','Podarcis es un género de lagartijas de la familia Lacertidae que se distribuyen en Europa, África del Norte y Oriente Medio. Se caracterizan por tener un cuerpo alargado, escamas lisas y una cabeza cónica con ojos grandes y saltones. Su tamaño varía entre 8 y 30 centímetros de largo, dependiendo de la especie. Presentan una gran variedad de colores y patrones en su piel, que les permiten camuflarse en su entorno natural. Son animales diurnos y omnívoros, alimentándose de insectos, pequeños vertebrados y vegetación. Las lagartijas del género Podarcis son muy valoradas por su belleza y fácil adaptación, siendo comunes en colecciones privadas y zoológicos.','lacertidae' ),
('psammodromus','Psammodromus es un género de lagartos de la familia Lacertidae que habitan en regiones mediterráneas de Europa y norte de África. Estos lagartos tienen el cuerpo alargado, extremidades cortas y una cola delgada y larga. Su piel es de color marrón claro o grisáceo, y tienen una línea oscura en la espalda que se extiende hasta la cola. Poseen una gran capacidad de adaptación y pueden vivir en diferentes hábitats, desde zonas rocosas hasta bosques y praderas. Se alimentan principalmente de insectos y otros pequeños animales. Aunque son comunes en muchas áreas, algunas especies de Psammodromus están en peligro debido a la pérdida de su hábitat natural. ','lacertidae' ),
('zootoca','Zootoca es un género de lagartos que pertenecen a la familia Lacertidae. Estos lagartos son nativos de Europa y Asia, y generalmente se encuentran en hábitats secos y rocosos, como campos y montañas. El género Zootoca incluye dos especies: la lagartija vivípara (Zootoca vivipara) y la lagartija de Altaï (Zootoca altaica). Ambas especies son pequeñas y delgadas, y tienen una apariencia distintiva de color grisáceo o marrón con rayas más claras. Aunque son similares en apariencia, la lagartija vivípara es más común en Europa, mientras que la lagartija de Altaï se encuentra principalmente en Asia. ','lacertidae' ),
('chalcides','Chalcides es un género de lagartos de la familia Scincidae que se encuentra principalmente en América, África y Asia. Son animales pequeños y delgados, con miembros cortos y cuerpo alargado, que se adaptan bien a la vida terrestre, arbórea y acuática. Su cola es larga y casi tan larga como el cuerpo, lo que les permite desplazarse con facilidad. Su piel es lisa y brillante, y suele tener colores brillantes como el verde, el marrón o el amarillo. Se alimentan de insectos, pequeños mamíferos, reptiles y plantas. Son animales muy dóciles y fáciles de mantener en cautiverio, lo que los convierte en una especie apta para la mascota. ','scincidae');

INSERT INTO especie VALUES 
('tegenaria domestica','Tegenaria domestica es una araña araneomorfa de la familia Agelenidae. Es cosmopolita. Construyen telarañas en forma de sábana, que en los edificios se sitúan normalmente en las esquinas de las habitaciones.','tegenaria'),
('dysdera crocata','Dysdera crocata es una araña de la familia Dysderidae que se encuentra comúnmente en Europa y América del Norte. Son conocidas por su cuerpo aplanado y su color rosado pálido a rojizo. Su cabeza es grande con grandes mandíbulas que se usan para cazar a sus presas, que generalmente son otros artrópodos como ciempiés y arañas más pequeñas. A diferencia de muchas otras especies de arañas, no tienen la habilidad de tejer telas y prefieren vivir en grietas o bajo rocas y corteza de árboles. No son consideradas peligrosas para los humanos, ya que su veneno no es lo suficientemente fuerte para causar daño significativo. En algunos lugares son consideradas beneficiosas como cazadoras de plagas de jardín o casa.','dysdera'),
('zelotes','Zelotes araña es un género de araña perteneciente a la familia Gnaphosidae, comúnmente encontrada en América del Norte y Europa. Esta araña tiene un cuerpo pequeño y aplanado, con colores que van desde el marrón claro hasta el negro. Pueden ser difíciles de distinguir de otras especies de arañas, ya que su apariencia es muy similar a la de otras especies de la familia Gnaphosidae. Las zelotes araña son depredadoras y se alimentan principalmente de otros insectos pequeños, como moscas y mosquitos. Se pueden encontrar en diversos hábitats, como bosques, praderas y áreas urbanas. En general, las zelotes araña no son dañinas para los humanos y rara vez muerden, pero si lo hacen, los síntomas son leves, como dolor.','zelotes'),
('lycosa hispanica','Lycosa hispanica es una especie de araña lobo que se distribuye principalmente en la Península Ibérica. Su cuerpo puede llegar a medir hasta 20 mm de longitud y su coloración varía entre tonos marrones y amarillentos.','lycosa'),
('palpimanus gibbulus','Palpimanus gibbulus es una especie de araña que se encuentra en Europa. Es de tamaño mediano y su aspecto general es el de una araña pequeña y robusta, con colores que varían entre marrón claro y marrón oscuro. Sus ocho patas son cortas y fuertes, y su cuerpo tiene una forma redondeada y abultada. Esta araña es conocida por su comportamiento un tanto extraño: se alimenta de otras arañas, por lo que ha desarrollado una estrategia de caza en la que se acerca a la presa con movimientos lentos y cautelosos. Al contrario que la mayoría de las arañas, Palpimanus gibbulus no produce seda para construir una telaraña, sino que prefiere esconderse y esperar a que su presa se acerque.','palpimanus'),
('dolomedes tenebrosus','Dolomedes tenebrosus es una especie de araña grande que pertenece a la familia Pisauridae. Se encuentra comúnmente en América del Norte y habita cerca de cuerpos de agua como lagos, ríos y humedales. Estas arañas son conocidas por su capacidad de caminar sobre el agua, gracias a sus patas fuertes y peludas. Son depredadoras y se alimentan de insectos, peces pequeños y otros arácnidos. Las hembras son mucho más grandes que los machos y pueden crecer hasta 3.8 cm de longitud. La especie tenebrosus se caracteriza por tener un cuerpo de color marrón oscuro o negro y patas largas y delgadas. Aunque son grandes y pueden parecer aterradoras, no representan una amenaza significante para los humanos.','dolomedes'),
('menemerus semilimbatus','Menemerus semilimbatus es una especie de araña saltarina que pertenece a la familia de los salticidae. Se encuentra comúnmente en regiones tropicales y subtropicales de todo el mundo, incluyendo el sur de Asia, África, América del Sur y América Central. Los machos miden alrededor de 4-6 mm de longitud y las hembras son un poco más grandes, midiendo alrededor de 5-7 mm. Tienen un patrón de colores distintivo, con rayas blancas y negras que se extienden por todo su cuerpo, y su abdomen es de un color marrón rojizo. Estas arañas son depredadoras y cazadoras activas que utilizan su excelente visión para cazar insectos y otros artrópodos.','menemerus'),
('steatoda paykulliana','La Steatoda paykulliana, también conocida como araña del falso escorpión, es una especie de araña venenosa que se encuentra comúnmente en Europa y América del Norte. Esta araña es confundida con un escorpión debido a su coloración y su forma corporal. La hembra mide entre 8 y 14 mm mientras que el macho es más pequeño, midiendo entre 6 y 10 mm. El cuerpo de la Steatoda paykulliana es de color marrón con dibujos en tonos oscuros, mientras que su cabeza es más oscura que el resto del cuerpo, con marcas blancas. La picadura de la Steatoda paykulliana puede ser peligrosa y causar dolor intenso, hinchazón y náuseas.','steatoda'),
('thomisus','Thomisus es un género de arañas de la familia Thomisidae. Son arañas cazadoras que pueden encontrarse en todo el mundo, en diversos hábitats, incluyendo plantas, flores y hojas. Su coloración varía considerablemente, desde el blanco hasta el amarillo, naranja, rojo, marrón o incluso verde. A menudo, las arañas del género Thomisus tienen un camuflaje excelente que les permite confundirse con las flores, y esperan pacientemente a que sus presas se acerquen lo suficiente para ser capturadas. Las Thomisus son depredadoras sumamente efectivas, y pueden capturar desde moscas y mosquitos hasta mariposas y abejas.','thomisus'),
('macrothele calpeiana','Macrothele calpeiana es quizás la araña más grande de Europa. De color negro y con unas grandes hileras en la parte posterior, vive en diferentes tipos de bosques, como alcornocales y encinares, donde construye una tela en mantel, normalmente a ras de suelo, con la que captura sus presas.','macrothele'),
('iberesia machadoi','Iberesia es un género de arañas migalomorfas de la familia Nemesiidae. Se encuentra en la península ibérica y el norte de África.','iberesia'),
('buthus ibericus','Buthus ibericus es una especie de escorpión nativo de la Península Ibérica y Marruecos. Es considerado uno de los escorpiones más peligrosos de la región debido a su veneno, que puede causar una fuerte reacción en su presa y en humanos.Los adultos tienen un tamaño medio de 4-5 cm y su color varía de amarillo a marrón oscuro, dependiendo del hábitat en el que se encuentran. Se pueden encontrar en diferentes tipos de terreno, como bosques, rocas, matorrales y áreas urbanas.Los escorpiones de esta especie son nocturnos y se alimentan principalmente de insectos y arañas. Para reproducirse, las hembras producen de 10 a 20 crías y las cuidan durante sus primeros días de vida.','buthus'),
('buthus occitanus','Buthus occitanus, también conocido como el escorpión amarillo de Córcega, es una especie de escorpión venenoso que se encuentra en el sur de Europa y el norte de África. El escorpión amarillo de Córcega tiene un cuerpo marrón amarillento de aproximadamente 7 cm de longitud, con una cola delgada y un aguijón venenoso en la punta. Se alimenta de insectos y pequeños animales y se encuentra en hábitats cálidos y secos, como bosques mediterráneos y áreas rocosas. Aunque su veneno puede ser peligroso para los humanos, su picadura es generalmente inofensiva si se trata adecuadamente. ','buthus'),
('opiliones','Los opiliones, también conocidos como arañas-cosecha o patas largas, son una orden de arácnidos que se caracterizan por tener un cuerpo alargado y unas patas extremadamente largas. A diferencia de las arañas, los opiliones no tienen glándulas venenosas y no son capaces de producir seda. Aunque algunos opiliones tienen un aspecto similar a las arañas, se pueden diferenciar fácilmente por su cuerpo y sus patas, que no están segmentadas como las de las arañas. Además, los opiliones no son capaces de producir telarañas. Los opiliones son prédateurs y se alimentan de insectos, arañas y otros pequeños invertebrados.','opiliones'),
('panorpa meridionalis','Panorpa meridionalis es una especie de insecto de la familia de los panorpidos, comúnmente conocidos como escorpiones peludos. Esta especie se encuentra en la región mediterránea de Europa y África del Norte. Los machos tienen un tamaño de 15-25 mm y las hembras son ligeramente más grandes. Tienen un cuerpo delgado y alargado, con patas largas y delgadas. Las alas son transparentes y venosas, y se extienden más allá del cuerpo. La cabeza es larga y tiene una mandíbula fuerte y curvada. La coloración varía de castaño oscuro a negro, y algunas veces tienen manchas amarillas o blancas en el abdomen.','panorpa'),
('vanessa cynthia','Vanessa cynthia es una mariposa diurna perteneciente a la familia Nymphalidae y es comúnmente conocida como la mariposa hermosa blanca. Esta especie habita en las regiones templadas de Asia, desde Siberia hasta Japón y Corea. Los machos y las hembras tienen un patrón de alas diferente, aunque ambos sexos tienen un color de fondo blanco con manchas negras y marrones en las alas. Los machos tienen un patrón de manchas más oscuro y denso que las hembras. La envergadura de las alas de Vanessa cynthia puede alcanzar hasta los 64 mm. Esta especie se alimenta de néctar de varias flores, incluyendo flores de especies como Buddleja, Verbena y Sedum.','vanessa'),
('charaxes jasius','Charaxes jaisus es una mariposa grande y robusta de la familia Nymphalidae, que se encuentra en África occidental. Los machos tienen un patrón de coloración muy distintivo, con alas superiores de color marrón oscuro a negro, y alas inferiores de color rojo intenso, con un patrón blanco en los bordes. También tienen una mancha en forma de V en el ala delantera. Las hembras son similares a los machos, pero tienen alas inferiores de color marrón oscuro. Charaxes jaisus se encuentra en el bosque tropical y se alimenta de la savia de los árboles y de otros líquidos orgánicos. Es un ejemplo de la belleza y diversidad de las mariposas africanas.','charaxes'),
('cymbalophora pudica','Cymbalophora pudica es una especie de mariposa nocturna de la familia Erebidae que se encuentra en Europa, Asia y América del Norte. Es más común en bosques y praderas, y se alimenta de néctar de flores. La mariposa adulta de Cymbalophora pudica tiene una envergadura de alrededor de 30-40 mm y es de color marrón claro con bandas transversales oscuras en las alas anteriores. Sus antenas son plumosas y su cuerpo es delgado y alargado. Durante el día, la mariposa permanece en descanso con las alas juntas a lo largo del cuerpo, lo que ayuda a camuflarse.','cymbalophora'),
('carabus coriaceus','Carabus coriaceus es un escarabajo de la familia Carabidae que se encuentra en Europa y Asia. Esta especie se caracteriza por su cuerpo largo y delgado, con una longitud de alrededor de 25 mm, y por su color marrón oscuro o negro. Tiene antenas largas y mandíbulas fuertes, lo que le permite alimentarse de otros insectos. Además, las alas de Carabus coriaceus son cortas y no le permiten volar, por lo que se mueve principalmente por el suelo en busca de alimento y refugio. En resumen, Carabus coriaceus es un escarabajo terrestre común en Europa y Asia, que se caracteriza por su tamaño grande, color oscuro y fuertes mandíbulas.','carabus'),
('chlaenius','Chlaenius es un género de escarabajos depredadores pertenecientes a la familia Carabidae. Estos insectos son de mediano a grande tamaño, con cuerpos alargados y patas fuertes para correr y cazar a sus presas. Se pueden encontrar en diferentes hábitats, desde bosques y praderas hasta desiertos y montañas. Las especies de Chlaenius se caracterizan por tener mandíbulas fuertes y afiladas, lo que les permite atrapar y cortar a sus presas en trozos más pequeños. Además, su exoesqueleto es muy resistente y les permite soportar ataques de otros depredadores.','chlaenius'),
('labidura riparia','La Labidura riparia es una especie de insecto conocido coloquialmente como chinche barquera o escarabajo de agua. Es frecuente encontrarlos en zonas ribereñas y en aguas tranquilas como lagos o ríos. Su cuerpo es ovalado y aplanado, presentando unas patas y antenas largas que le permiten nadar y desplazarse con fluidez. Su coloración varía entre tonos marrones y negros, y es común encontrar ejemplares de hasta 4 centímetros de longitud. La Labidura riparia es un insecto carnívoro, y se alimenta principalmente de pequeños insectos acuáticos como mosquitos o libélulas. Durante su etapa de cría, las hembras depositan los huevos en un capullo que colocan en vegetación acuática.','labidura'	 ),
('gryllotalpa gryllotalpa','El Gryllotalpa, también conocido como Topo Grillero o Topo Cebollero, es un insecto del orden Orthoptera y de la familia Gryllotalpidae. Su apariencia es similar a la de un topo, con una cabeza grande y fuertes patas delanteras adaptadas para cavar túneles en la tierra. Su cuerpo mide entre 4 y 5 cm de longitud y su color varía entre marrón oscuro y negro. Suelen habitar en campos y jardines, donde se alimentan de raíces y tubérculos. Durante la primavera, los machos emiten un fuerte sonido con sus alas para atraer a las hembras. Aunque no son considerados una plaga, su presencia puede ser problemática para el cultivo de plantas y vegetales.','gryllotalpa'),
('acheta domesticus','La Acheta domesticus, también conocida como grillo doméstico, es una especie de insecto perteneciente a la familia Gryllidae. Es una de las especies de grillos más comunes, criados en cautiverio para su uso como alimento para reptiles, aves y otros animales. Los grillos domésticos son de color marrón claro y tienen antenas largas y delgadas, patas fuertes y alas bien desarrolladas. También son conocidos por su distintivo canto, que producen al frotar sus alas. A pesar de ser criados como alimento, los grillos domésticos también pueden ser mantenidos como mascotas debido a su fácil cuidado e interesante comportamiento social. Son animales nocturnos y prefieren vivir en áreas cálidas y secas como terrarios y jaulas.','acheta'),
('gryllus campestris','Gryllus campestris es una especie de grillo que se encuentra en gran parte de Europa y Asia. Los machos tienen alas cortas y producen un sonido de chirrido de alta frecuencia para atraer a las hembras. Los huevos son depositados en la tierra y pasan por varias etapas de desarrollo antes de convertirse en adultos. Estos grillos comen una amplia gama de alimentos, incluyendo plantas y otros insectos. Durante los meses más fríos, Gryllus campestris se entierra en el suelo para esperar a que las temperaturas sean más cálidas antes de volver a emerger. Aunque puede ser considerado una plaga para algunos cultivos, su papel en la cadena alimentaria y su capacidad para descomponer materia orgánica lo convierten en una especie importante en muchos ecosistemas.','gryllus'		),
('spilostethus pandurus','Spilostethus pandurus es una especie de chinche que pertenece a la familia Lygaeidae. Se caracteriza por tener un cuerpo aplanado y de forma ovalada con una longitud de entre 4 y 6mm. Su color varía de marrón rojizo a negro con manchas blancas en los costados del abdomen y en las alas. Esta especie se alimenta de plantas, en especial de leguminosas como la alfalfa, pero también puede atacar otros cultivos como el tomate o el algodón. Es considerada una plaga agrícola debido a su capacidad de causar daños a los cultivos, y su distribución geográfica incluye Europa, Asia y África del Norte. La chinche puede ser controlada naturalmente por depredadores y parasitoides, pero también puede ser tratada mediante el uso de pesticidas.','spilostethus'),
('scolopendra cinculata','La Scolopendra cingulata, también conocida como ciempiés mediterráneo, es una especie de artrópodo con un cuerpo largo y aplanado, cubierto por segmentos duros y un par de patas por cada uno de ellos. Puede medir entre 10 y 20 cm de largo y tiene una coloración marrón oscuro o negra. Es una especie nocturna y carnívora, alimentándose de una variedad de animales, incluyendo insectos, arácnidos y pequeños vertebrados. Posee un veneno que utiliza para inmovilizar a sus presas y defenderse. Aunque su picadura no es generalmente peligrosa para los seres humanos, puede ser extremadamente dolorosa y causar inflamación y enrojecimiento en el área afectada.','scolopendra'),
('lithobius forficatus','Lithobius forficatus es una especie de ciempiés de la familia Lithobiidae. Es un ciempiés común en Europa y Norteamérica, que se encuentra a menudo en áreas urbanas y suburbanas. Los adultos tienen una longitud de entre 20 y 30 mm, tienen un cuerpo plano y alargado con un total de 33 a 43 pares de patas. El color del cuerpo suele variar de marrón oscuro a negro, y presentan un par de pinzas o quelíceros en la cabeza. Esta especie es depredadora, alimentándose principalmente de otros insectos, arañas y gusanos. Aunque su picadura no es peligrosa para los seres humanos, puede ser dolorosa y causar irritación temporal en la piel.','lithobius'),
('procambarus clarkii','Procambarus Clarkii es una especie de crustáceo de agua dulce comúnmente conocido como la langosta de río roja o cangrejo de río de Luisiana. Originario del sureste de los Estados Unidos, esta especie se ha convertido en una plaga invasora en muchos países debido a su adaptabilidad y capacidad para colonizar nuevos hábitats acuáticos. El cuerpo de Procambarus Clarkii está cubierto de un caparazón rojizo y tiene dos pinzas grandes que utiliza para defenderse y capturar alimentos. Normalmente, se alimentan de plantas acuáticas, invertebrados y pequeños animales, pero también son conocidos por consumir peces. ','procambarus'),
('maja squinado','"Maja squinado" es el nombre común de un crustáceo marino que habita en las aguas del océano Atlántico y el Mediterráneo. Se trata de un cangrejo decápodo de tamaño mediano, que puede llegar a medir hasta 15 centímetros de ancho. Su cuerpo es de forma cuadrangular y está recubierto de una caparazón dura y rugosa. Una de las características más distintivas de este crustáceo es su coloración, que varía entre tonos de marrón y rojo oscuro con manchas blancas en la parte inferior de su caparazón. La maja squinado es una especie muy apreciada en la gastronomía mediterránea y se utiliza en una gran variedad de platos, especialmente en arroces y guisos de pescado y marisco. ','maja'),
('eriphia verruscosa','Eriphia verrucosa, también conocida como araña rosada o araña verrugosa, es una especie de artrópodo crustáceo de la familia Majidae, que habita en las aguas del océano Atlántico y el Mediterráneo. Este cangrejo presenta un cuerpo redondeado y su caparazón está cubierto de verrugas y espinas, que le brindan una efectiva protección contra sus depredadores. Su color es variable, oscilando entre tonos marrones, verdes y rosáceos, con manchas blancas irregularmente distribuidas. Eriphia verrucosa es una especie omnívora, alimentándose de algas, moluscos y otras especies de crustáceos.','eriphia'				),
('bufo bufo','El Bufo Bufo, también conocido como sapo común, es una especie de anfibio que habita en gran parte de Europa, Asia y algunas partes de África. Es de tamaño mediano, de color marrón oscuro o gris y posee diversas protuberancias en la piel. Durante los meses de primavera, los sapos machos emiten un característico canto para atraer a las hembras. Esta especie se alimenta de insectos, arañas y pequeños vertebrados como roedores y lagartijas. También es conocido por la sustancia tóxica que secreta a través de su piel como mecanismo de defensa ante sus depredadores.','bufo'),
('epidalea calamita','La Epidalea Calamita, también conocida como rana común, es un anfibio perteneciente a la familia Ranidae. Es una rana de tamaño mediano, que puede alcanzar entre 6 y 10 cm de longitud, y su color varía desde el verde oscuro al marrón claro. En la cabeza tienen unas glándulas de veneno que utilizan como sistema de defensa. La Epidalea Calamita se encuentra principalmente en Europa, aunque también habita en Asia y África del Norte. Prefieren los ambientes húmedos y los cuerpos de agua con una corriente moderada, como arroyos, ríos y estanques. Son depredadores activos y se alimentan de insectos, arañas, caracoles y pequeñas lombrices.','epidalea'),
('hyla meridionalis','Hyla meridionalis es una especie de rana de la familia Hylidae, también conocida como "rana meridional". Es una rana pequeña que mide entre 3 y 6 cm de longitud y tiene una piel suave y verde brillante con manchas de color marrón o gris. Esta especie se encuentra en zonas arbóreas y arbustivas en España, Portugal y el sur de Francia. Su hábitat natural es en zonas húmedas cerca de ríos o estanques. Las ranas macho tienen una vocalización distintiva que es un sonido agudo y repetitivo que se utiliza para atraer a las hembras y defender su territorio. Hyla meridionalis es una rana nocturna y se alimenta de insectos, arañas y otros invertebrados.','hyla'),
('pelobates cultripes','Pelobates cultripes o sapo corredor ibérico es un anfibio de tamaño mediano que se encuentra principalmente en la Península Ibérica y el suroeste de Francia. Tiene una apariencia característica, con una cabeza ancha y un cuerpo robusto, con un color marrón oscuro en la parte superior y más claro en la parte inferior. Sus patas tienen una forma de pala que le permiten moverse rápidamente en el agua y la tierra. Además, presenta una hendidura longitudinal en la uña del dedo del pie para excavar mejor. Son animales nocturnos y se alimentan principalmente de insectos y otros pequeños invertebrados. Aunque esta especie no está en peligro de extinción en la actualidad, la contaminación y la degradación del hábitat constituyen serias amenazas para su supervivencia.','pelobates'),
('pelophylax perezi','Pelophylax perezi es una especie de rana que se encuentra en la Península Ibérica y Marruecos. Es conocida comúnmente como rana común o rana de San Antonio. Su cuerpo es robusto y mide entre 6 y 10 cm de longitud. Su piel es muy suave y granulada, de color verde oliva o marrón, con manchas negras irregulares. Los machos tienen un parche vocal sacular inflable en la garganta que utilizan para llamar a las hembras durante la época de apareamiento. Su alimentación se basa en insectos, arañas y pequeños vertebrados. Es una especie de gran importancia ecológica y se encuentra amenazada por la contaminación y la destrucción de su hábitat natural.','pelophylax'	),
('lissotriton boscai','Lissotriton boscai, también conocido como tritón de Bóscai, es un anfibio que pertenece a la familia Salamandridae. Este tritón es endémico de la Península Ibérica, específicamente se encuentra en las regiones montañosas del norte de España y Portugal. El Lissotriton boscai es de tamaño pequeño, mide alrededor de 6-9 cm, y tiene una coloración que varía entre el marrón oscuro y el gris con manchas oscuras. Es un animal semiacuático, lo que significa que necesita un hábitat con agua y tierra para sobrevivir. Esta especie se alimenta de pequeños invertebrados acuáticos como gusanos, insectos y crustáceos.','triturus'),
('tritorus marmoratus','El Triturus marmoratus es una especie de salamandra que puede encontrarse en áreas boscosas y acuáticas en diversos países de Europa. Su tamaño puede variar, pero en promedio miden entre 10 y 17 centímetros de largo. Su piel presenta un patrón de coloración bastante singular y por ello, son apreciados como mascotas. Son animales carnívoros que se alimentan de una gran variedad de invertebrados, como gusanos, babosas y arañas. Durante la época de apareamiento, las hembras son capaces de poner alrededor de 200 huevos en las aguas calmadas de los ríos. Aunque no están considerados como una especie amenazada, se deben tomar medidas para proteger sus hábitats naturales y evitar su captura para el comercio de mascotas.','triturus'),
('pleurodeles waltl','Pleurodeles waltl es una especie de anfibio perteneciente a la familia Salamandridae. También se le conoce como tritón ibérico o tritón de barro. Es originario de la península ibérica y es uno de los más grandes tritones presentes en Europa, pudiendo medir hasta 30 centímetros de longitud. Su cuerpo es de color marrón y presenta manchas oscuras. Es capaz de regenerar extremidades y órganos internos en caso de pérdida debido a algún tipo de lesión. Se alimenta principalmente de invertebrados acuáticos y pequeños vertebrados. Es un animal semiacuático que requiere de agua limpia y fresca para llevar a cabo su ciclo vital. ','pleurodeles'),
('salamandra salamandra','La salamandra salamandra es un anfibio perteneciente a la familia Salamandridae. Es conocida por su patrón de coloración rayado y brillante de negro y amarillo. Puede medir hasta 25 cm de longitud y se alimenta de insectos, lombrices y otros invertebrados. Es una especie que habita en Europa y suroeste de Asia, en zonas húmedas y boscosas y se reproduce por medio de huevos que se desarrollan en el agua. Aunque no está en peligro de extinción, la salamandra salamandra se encuentra amenazada por la degradación del hábitat natural debido a la urbanización y la agricultura intensiva. También está amenazada por la introducción de especies invasoras y enfermedades.','salamandra'),
('mauremys leprosa','Mauremys leprosa, también conocida como la tortuga mediterránea de agua dulce, es una especie de tortuga que se encuentra en diversas áreas del Mediterráneo occidental y el norte de África. Las tortugas de esta especie tienen un caparazón convexo y redondeado que puede medir hasta 25 centímetros de largo. Su color varía desde el marrón oscuro hasta el verde oliva, y su piel presenta manchas de color amarillento. Son animales omnívoros y su dieta incluye plantas acuáticas, insectos, crustáceos y peces pequeños. La tortuga de agua dulce mediterránea es un animal protegido en muchos países debido al declive de sus poblaciones en algunas áreas.','mauremys'),
('blanus cinereus','Blanus cinereus, comúnmente conocido como lagarto de morro de pala o eslizón de morro de pala, es una especie de reptil que pertenece a la familia Amphisbaenidae. Se encuentra en varias partes del sur de Europa, desde la Península Ibérica hasta el sur de Francia y la parte norte de África. La longitud promedio de este lagarto es de 20-30 cm y tiene un cuerpo cilíndrico y sin patas. Su cabeza es ancha, corta y plana en la parte superior, y su morro es más grande y más ancho que el resto de su cabeza, lo que se asemeja a una pala. Su piel es grisácea, granulosa y no tiene escamas visibles. ','blanus'),
('natrix maura','La natrix maura es una serpiente no venenosa que se encuentra comúnmente en Europa y el norte de África. Su cuerpo es delgado y alargado, de color marrón oscuro o negro con manchas en la parte superior. Pueden crecer hasta 1,5 metros de largo. Estas serpientes habitan en ambientes acuáticos como ríos, arroyos, lagos y estanques, y se alimentan de peces, ranas, salamandras y otros animales acuáticos. La natrix maura es generalmente activa durante el día y es una excelente nadadora. Es una especie protegida en algunos países debido a la pérdida de hábitat y la degradación ambiental.','natrix'),
('zamenis scalaris','Zamenis scalaris es una especie de serpiente no venenosa que se encuentra en Europa central y del este, desde la península de los Balcanes hasta Ucrania. Perteneciente a la familia Colubridae, esta serpiente puede crecer hasta un metro de longitud y su piel tiene un patrón de escamas en forma de diamante de color marrón, gris y negro. Es una serpiente diurna y se alimenta principalmente de pequeños mamíferos, aves y lagartijas. A pesar de que no es una especie en peligro de extinción, la degradación de su hábitat natural es una amenaza para esta especie en muchas áreas.','rhinechis'),
('hemidactylus turcicus','Hemidactylus turcicus, también conocido como el gecko común del Mediterráneo, es un tipo de lagarto pequeño que se encuentra en diversos lugares del mundo, incluyendo el sur de Europa, África del Norte y Asia. Su cuerpo mide alrededor de 10 centímetros de largo, y su piel es suave y escamosa. Los colores de su cuerpo varían entre tonos de marrón, beige y gris. Estos geckos son criaturas nocturnas y están bien adaptadas para este estilo de vida gracias a sus grandes ojos y la habilidad de poder escalar superficies verticales con facilidad. A pesar de que son comunes en algunas regiones, hay poca información sobre su ecología y comportamiento y se necesita más investigación para entender mejor esta especie.','hemidactylus'),
('tarentola mauritanica','La Tarentola mauritanica, también conocida como la salamanquesa común, es una especie de lagarto gecko que habita en gran parte de Europa, África y Asia. Es un reptil nocturno y arbóreo que se alimenta principalmente de insectos. Tiene una longitud de aproximadamente 15 cm y su cuerpo es delgado con una cola larga y puntiaguda. Su color varía de gris a marrón y está cubierto de pequeñas protuberancias y escamas. Tiene ojos grandes y una pupila vertical que le ayuda a ver en la oscuridad. Es un animal solitario y territorial, que se comunica con otros mediante sonidos guturales y movimientos corporales. Es comúnmente encontrado en áreas urbanas y rurales, y puede tener un efecto beneficioso en el control de plagas.','hemidactylus'),
('podarcis muralis','Podarcis muralis, también conocida como lagartija de las paredes, es una especie de lagarto presente en gran parte de Europa y que se adapta muy bien a entornos urbanos. Se caracteriza por su tamaño pequeño, su cuerpo alargado, su cabeza triangular y sus patas cortas pero fuertes. Su coloración varía de un gris-oscuro a un marrón claro, y suele presentar manchas o rayas a lo largo de su cuerpo. Frecuentemente se encuentran en zonas rocosas, muros, edificios y parques. Son animales omnívoros que se alimentan de pequeños insectos, arañas, gusanos y también pueden comer vegetación. Son fáciles de observar y pueden encontrarse en cualquier época del año, aunque su actividad se reduce en invierno debido a la hibernación.','podarcis'),
('psammodromus algirus','El Psammodromus algirus es una especie de lagarto que se encuentra en el sur de Europa y el norte de África. Mide entre 10 y 20 cm de longitud y tiene una cola larga y delgada. Su cuerpo es de color marrón claro con manchas oscuras, y tiene líneas oscuras a lo largo de sus costados. Es un animal diurno y solitario, que se alimenta de insectos y otros invertebrados. Se reproduce en primavera y verano, y las hembras ponen entre 2 y 10 huevos en una madriguera. Es una especie común en su área de distribución y no se considera en peligro de extinción.','psammodromus'),
('zootoca vivipara','La Zootoca vivipara, también conocida como lagartija vivípara, es una especie de lagartija que vive en gran parte de Europa. Esta lagartija es de pequeño tamaño, con una longitud total de unos 10 cm y su dieta se basa en insectos pequeños. Lo más destacado de esta especie es que, como su nombre indica, es vivípara, es decir, que las crías se desarrollan dentro del cuerpo de la madre y nacen completamente formadas. Su coloración varía desde un marrón oscuro a un gris claro, con manchas marrones y una línea negra que va desde la cabeza hasta la cola. Esta especie es muy adaptable y puede encontrarse en diversos hábitats, incluyendo bosques, praderas y zonas montañosas.','zootoca'),
('chalcides bedriagai','Chalcides bedriagai es una lagartija endémica del norte de África, especialmente de Marruecos. Esta especie es conocida por su cuerpo esbelto y su cola larga y delgada, que a menudo se rompe como una forma de defensa. El color de su piel varía de marrón amarillento a grisáceo, con manchas oscuras en la cabeza y el cuerpo. La Chalcides bedriagai es un animal terrestre y se puede encontrar en hábitats secos y áridos como desiertos, llanuras y montañas rocosas. Se alimenta principalmente de insectos y pequeños invertebrados.','chalcides');

INSERT INTO usuario (nombre, apellidos, correo, username, passwd, fechaNac) VALUES 
('Juan', 'Pérez González', 'juanpg@gmail.com', 'juapgo', 'B@rr4Cud@!', '1990-05-15'),
('María', 'López Martínez', 'marialm@hotmail.com', 'maloma', 'T0pst@k3r#', '1985-11-22'),
('Pedro', 'García Fernández', 'pedrogf@yahoo.com', 'pegafe', 'M0v13F@n#', '1995-02-08'),
('Ana', 'Sánchez García', 'anasg@gmail.com', 'anasa', 'F1r3Cr@ck&', '1998-09-03'),
('Carlos', 'González Sánchez', 'carlosgs@hotmail.com', 'cagonz', 'Ch@0sTh30ry', '1992-04-20'),
('Laura', 'Martínez Pérez', 'lauramp@yahoo.com', 'laumpe', 'B3$tP@$$w0rd#', '1999-12-01'),
('Sofía', 'Fernández Rodríguez', 'sofifernan@gmail.com', 'sofifer', 'D3@thStr1k3r$', '1991-07-12'),
('Jorge', 'Hernández López', 'jorgehernan@hotmail.com', 'jorgher', 'G00dM0rn1ng#', '1987-09-28'),
('Silvia', 'García García', 'silviagar@hotmail.com', 'silgarc', 'S1lv3rSurf3r&', '1994-01-31'),
('David', 'Martínez Sánchez', 'davidms@yahoo.com', 'davmas', 'N3v3rG1v3Up#', '1989-03-22'),
('Lucía', 'Pérez García', 'luciapg@gmail.com', 'lucper', 'M1ndTh3G@p#', '1997-11-07'),
('Manuel', 'González Fernández', 'manuelgf@yahoo.com', 'mangon', 'P@ssw0rd!', '1993-05-02'),
('Roberto','Rebolledo Naharro','robertorebolledo151@gmail.com','krobert151','Krobert_151','2004-10-12'),
('Marta', 'Rodríguez Martín', 'martarodriguez@gmail.com', 'marrod', 'C00k13M0n$t3r#', '1992-08-10'),
('Ricardo', 'Sánchez González', 'ricardosanchez@hotmail.com', 'ricsan', 'P0w3rR@ng3rs!', '1996-12-27'),
('Ana María', 'Hernández Pérez', 'anamariahp@yahoo.com', 'anamah', 'P@ssw0rd123', '1988-06-23'),
('Francisco', 'Martínez García', 'franmargarcia@yahoo.com', 'framarg', 'G00dF3ll@', '1991-04-11'),
('Marina', 'García Rodríguez', 'marinagar@gmail.com', 'margar', 'D@rkW1nt3r#', '1998-02-19'),
('Alberto', 'Fernández García', 'albertofernandez@hotmail.com', 'albfer', 'P@s$w0rd', '1995-09-08'),
('Carmen', 'González Pérez', 'carmengonzalez@yahoo.com', 'cargonz', 'S3cr3tP@ss#', '1990-01-04'),
('Manuela', 'López Fernández', 'manuelalf@hotmail.com', 'manlop', 'Th3L@stD@nc3!', '1997-07-29'),
('Javier', 'Pérez García', 'javierperez@gmail.com', 'javper', 'B1rdm@n#', '1993-03-15'),
('Isabel', 'García Martínez', 'isabelgarciamartinez@hotmail.com', 'isagmar', 'L0v3U2$', '1986-11-02'),
('Pablo', 'Fernández López', 'pablofernandez@gmail.com', 'pabfer', 'Th3P@ssw0rd#', '1999-05-17'),
('Mónica', 'González Sánchez', 'monicagonzalez@yahoo.com', 'mongon', 'L3tM_3In', '1994-09-09'),
('Sara', 'López Martín', 'saralopez@hotmail.com', 'saloma', 'H0lySh1t!', '1991-12-28'),
('Diego', 'García Pérez', 'diegogarciaperez@yahoo.com', 'digarp', 'B00kW0rm#', '1996-08-07'),
('Laura', 'Sánchez García', 'laurasanchez@yahoo.com', 'lausangar', 'G00dM0v13$', '1987-02-01'),
('Jesús', 'Martínez Rodríguez', 'jesusmartinez@hotmail.com', 'jesmar', 'M1nd0v3rM@tt3r#', '1992-10-19'),
('María Carmen', 'García Fernández', 'mariacarmengarcia@yahoo.com', 'macargaf', 'P@$$w0rd123', '1998-06-16');

INSERT INTO cliente VALUES 
(1,'Juan', 'Pérez González', 'juanpg@gmail.com', 'juapgo', 'B@rr4Cud@!', '1990-05-15'),
(2,'María', 'López Martínez', 'marialm@hotmail.com', 'maloma', 'T0pst@k3r#', '1985-11-22'),
(3,'Pedro', 'García Fernández', 'pedrogf@yahoo.com', 'pegafe', 'M0v13F@n#', '1995-02-08'),
(4,'Ana', 'Sánchez García', 'anasg@gmail.com', 'anasa', 'F1r3Cr@ck&', '1998-09-03'),
(5,'Carlos', 'González Sánchez', 'carlosgs@hotmail.com', 'cagonz', 'Ch@0sTh30ry', '1992-04-20'),
(6,'Laura', 'Martínez Pérez', 'lauramp@yahoo.com', 'laumpe', 'B3$tP@$$w0rd#', '1999-12-01'),
(7,'Sofía', 'Fernández Rodríguez', 'sofifernan@gmail.com', 'sofifer', 'D3@thStr1k3r$', '1991-07-12'),
(8,'Jorge', 'Hernández López', 'jorgehernan@hotmail.com', 'jorgher', 'G00dM0rn1ng#', '1987-09-28'),
(9,'Silvia', 'García García', 'silviagar@hotmail.com', 'silgarc', 'S1lv3rSurf3r&', '1994-01-31'),
(10,'David', 'Martínez Sánchez', 'davidms@yahoo.com', 'davmas', 'N3v3rG1v3Up#', '1989-03-22'),
(11,'Lucía', 'Pérez García', 'luciapg@gmail.com', 'lucper', 'M1ndTh3G@p#', '1997-11-07'),
(12,'Manuel', 'González Fernández', 'manuelgf@yahoo.com', 'mangon', 'P@ssw0rd!', '1993-05-02'),
(30,'Marta', 'Rodríguez Martín', 'martarodriguez@gmail.com', 'marrod', 'C00k13M0n$t3r#', '1992-08-10'),
(14,'Ricardo', 'Sánchez González', 'ricardosanchez@hotmail.com', 'ricsan', 'P0w3rR@ng3rs!', '1996-12-27'),
(15,'Ana María', 'Hernández Pérez', 'anamariahp@yahoo.com', 'anamah', 'P@ssw0rd123', '1988-06-23'),
(16,'Francisco', 'Martínez García', 'franmargarcia@yahoo.com', 'framarg', 'G00dF3ll@', '1991-04-11'),
(17,'Marina', 'García Rodríguez', 'marinagar@gmail.com', 'margar', 'D@rkW1nt3r#', '1998-02-19'),
(18,'Alberto', 'Fernández García', 'albertofernandez@hotmail.com', 'albfer', 'P@s$w0rd', '1995-09-08'),
(19,'Carmen', 'González Pérez', 'carmengonzalez@yahoo.com', 'cargonz', 'S3cr3tP@ss#', '1990-01-04'),
(20,'Manuela', 'López Fernández', 'manuelalf@hotmail.com', 'manlop', 'Th3L@stD@nc3!', '1997-07-29'),
(21,'Javier', 'Pérez García', 'javierperez@gmail.com', 'javper', 'B1rdm@n#', '1993-03-15'),
(22,'Isabel', 'García Martínez', 'isabelgarciamartinez@hotmail.com', 'isagmar', 'L0v3U2$', '1986-11-02'),
(23,'Pablo', 'Fernández López', 'pablofernandez@gmail.com', 'pabfer', 'Th3P@ssw0rd#', '1999-05-17'),
(24,'Mónica', 'González Sánchez', 'monicagonzalez@yahoo.com', 'mongon', 'L3tM_3In', '1994-09-09'),
(25,'Sara', 'López Martín', 'saralopez@hotmail.com', 'saloma', 'H0lySh1t!', '1991-12-28'),
(26,'Diego', 'García Pérez', 'diegogarciaperez@yahoo.com', 'digarp', 'B00kW0rm#', '1996-08-07'),
(27,'Laura', 'Sánchez García', 'laurasanchez@yahoo.com', 'lausangar', 'G00dM0v13$', '1987-02-01'),
(28,'Jesús', 'Martínez Rodríguez', 'jesusmartinez@hotmail.com', 'jesmar', 'M1nd0v3rM@tt3r#', '1992-10-19'),
(29,'María Carmen', 'García Fernández', 'mariacarmengarcia@yahoo.com', 'macargaf', 'P@$$w0rd123', '1998-06-16');

INSERT INTO administrador VALUES 
(13,'Roberto','Rebolledo Naharro','robertorebolledo151@gmail.com','krobert151','Krobert_151','2004-10-12','30278480S');


INSERT INTO producto (nombre, precioU, descripcion, valoracion, categoria) VALUES
('Botas de senderismo', 69.99, 'Botas resistentes e impermeables ideales para largas caminatas.', 4.5, 'Senderismo'),
('Mochila de exploración', 99.99, 'Mochila con múltiples compartimentos para llevar todo lo necesario en una expedición.', 4.2, 'Exploración'),
('Tienda de campaña', 149.99, 'Tienda de campaña para 4 personas con fácil montaje y resistente a la lluvia.', 3.9, 'Camping'),
('Navaja multiusos', 29.99, 'Navaja con múltiples herramientas, ideal para bushcraft y supervivencia.', 4.8, 'Bushcraft'),
('Lupa para entomología', 19.99, 'Lupa con aumento de 10x para observar insectos con detalle.', 4.3, 'Entomología'),
('Terrario para reptiles', 79.99, 'Terrario de vidrio con espacio para plantas y rocas, perfecto para herpetología.', 4.6, 'Herpetología'),
('Brújula para orientación', 24.99, 'Brújula con precisión para orientarse en cualquier terreno.', 4.1, 'Exploración'),
('Linterna de camping', 14.99, 'Linterna resistente al agua y a golpes, ideal para iluminar en campamentos.', 3.8, 'Camping'),
('Set de cuchillos para cocina', 59.99, 'Set de 3 cuchillos profesionales para cortar y picar alimentos.', 4.5, 'Cocina'),
('Binoculares de alta potencia', 129.99, 'Binoculares con aumento de 10x para observación de aves y fauna.', 4.2, 'Naturaleza'),
('Mochila de hidratación', 39.99, 'Mochila con bolsa de hidratación incluida, ideal para deportes de montaña.', 4.6, 'Senderismo'),
('Tienda de campaña para 2 personas', 89.99, 'Tienda de campaña compacta para 2 personas, fácil de armar y resistente.', 4.0, 'Camping'),
('Navaja multiusos', 25.99, 'Navaja con múltiples funciones para actividades al aire libre', 4.5, 'Supervivencia'),
('Kit de supervivencia', 99.99, 'Kit de supervivencia para situaciones extremas', 4.0, 'Supervivencia'),
('Binoculares', 79.99, 'Binoculares para exploración y observación de la naturaleza', 4.3, 'Exploración'),
('Brújula de alta precisión', 12.50, 'Brújula de alta precisión para orientación en exteriores', 4.7, 'Exploración'),
('Mochila de expedición', 189.99, 'Mochila resistente para expediciones de varios días', 4.2, 'Expedición'),
('Saco de dormir', 149.99, 'Saco de dormir para climas fríos', 4.4, 'Expedición'),
('Botas de montañismo', 129.99, 'Botas de montañismo resistentes y cómodas', 4.6, 'Montañismo'),
('Piolet de escalada', 89.99, 'Piolet de escalada para ascensos técnicos en hielo y nieve', 4.8, 'Montañismo'),
('Cuchillo para campo', 34.99, 'Cuchillo para actividades en el campo y la naturaleza', 4.1, 'Campo'),
('Linterna de alta potencia', 29.99, 'Linterna potente y resistente para actividades nocturnas', 4.5, 'Campo'),
('Navaja suiza', 19.99, 'Ideal para cualquier situación de supervivencia', 4.5, 'Supervivencia'),
('Kit de primeros auxilios', 39.99, 'Incluye vendas, alcohol, gasas, tijeras, etc.', 4.2, 'Supervivencia'),
('Brújula', 9.99, 'Para no perder el rumbo en tus expediciones', 4.0, 'Exploración'),
('Bolsa impermeable', 24.99, 'Mantiene tus pertenencias secas en cualquier condición climática', 4.6, 'Expedición'),
('Linterna frontal', 14.99, 'Ilumina tus caminos en las noches más oscuras', 4.3, 'Montañismo'),
('Botas de senderismo', 79.99, 'Cómodas y resistentes, perfectas para largas caminatas', 4.7, 'Montañismo'),
('Cuchillo de supervivencia', 49.99, 'Cuchilla afilada y mango antideslizante', 4.4, 'Supervivencia'),
('Saco de dormir', 64.99, 'Mantente cálido y cómodo en tus expediciones nocturnas', 4.5, 'Expedición'),
('Manta térmica', 4.99, 'Mantiene el calor corporal en situaciones extremas', 4.2, 'Supervivencia'),
('Botiquín para mascotas', 29.99, 'Incluye todo lo necesario para atender a tu mascota en caso de emergencia', 4.8, 'Supervivencia')


INSERT INTO venta (cliente, fecha, total)
VALUES
(1, '2022-01-15', 120.50),
(3, '2022-01-17', 75.00),
(5, '2022-01-19', 36.75),
(7, '2022-01-22', 182.30),
(9, '2022-01-24', 98.90),
(11, '2022-01-26', 52.40),
(12, '2022-01-29', 87.80),
(15, '2022-02-01', 63.25),
(17, '2022-02-03', 21.50),
(19, '2022-02-06', 42.00),
(2, '2022-02-08', 92.10),
(4, '2022-02-11', 178.20),
(6, '2022-02-13', 51.75),
(8, '2022-02-16', 103.80),
(10, '2022-02-18', 68.50),
(16, '2022-02-23', 115.60),
(18, '2022-02-26', 80.00),
(21, '2022-02-28', 26.75),
(23, '2022-03-03', 92.90),
(2, '2022-02-09', 158.20),
(4, '2022-02-12', 89.75),
(6, '2022-02-15', 47.30),
(8, '2022-02-18', 73.90),
(10, '2022-02-21', 120.40),
(16, '2022-02-27', 36.50),
(18, '2022-03-02', 55.00),
(20, '2022-03-05', 80.75),
(22, '2022-03-08', 102.30),
(24, '2022-03-11', 67.40),
(26, '2022-03-14', 29.90),
(28, '2022-03-17', 75.20),
(1, '2022-03-20', 42.75),
(3, '2022-03-23', 63.80),
(5, '2022-03-26', 91.10),
(7, '2022-03-29', 117.50),
(9, '2022-04-01', 84.20),
(11, '2022-04-04', 52.60),
(14, '2022-04-07', 97.30),
(16, '2022-04-10', 38.90),
(18, '2022-04-13', 56.25),
(20, '2022-04-16', 74.80),
(23, '2022-04-19', 120.10),
(25, '2022-04-22', 65.75),
(27, '2022-04-25', 87.20),
(29, '2022-04-28', 53.90);

SELECT * FROM venta;

SELECT p.nombre,p.id_producto ,p.preciou
FROM producto p;

INSERT INTO lineaVenta (cod_venta, id_producto, uds, precioTotal)
VALUES
(1, 1, 2, 119,98),
(1, 30, 1, 64.99),
(1, 6, 1, 79.99),
(2, 1, 4, 60.00),
(2, 3, 2, 15.00),
(3, 5, 1, 12.75),
(4, 2, 3, 38.25),
(4, 4, 2, 60.00),
(4, 6, 1, 84.05),
(5, 3, 1, 12.50),
(5, 5, 3, 24.00),
(6, 1, 2, 30.00),
(6, 2, 1, 12.75),
(6, 4, 1, 15.00),
(7, 5, 4, 72.00),
(7, 6, 2, 80.30),
(8, 3, 1, 7.50),
(8, 4, 3, 45.00),
(9, 2, 2, 25.50),
(9, 6, 1, 48.90),
(10, 1, 1, 15.00),
(10, 4, 1, 15.00);

SELECT * FROM especie e;
SELECT * FROM usuario u;


INSERT INTO encuentro VALUES (especie,usuario,fechaencuentro,hora,descripcion,foto,zona,sexo);
(),


